run_accession	study_accession	sample_accession	experiment_accession	tax_id	scientific_name	fastq_ftp	submitted_ftp	bam_ftp
ERR13337668	PRJEB72623	SAMEA115791440	ERX12708642	1616037	milk metagenome	ftp.sra.ebi.ac.uk/vol1/fastq/ERR133/068/ERR13337668/ERR13337668_1.fastq.gz;ftp.sra.ebi.ac.uk/vol1/fastq/ERR133/068/ERR13337668/ERR13337668_2.fastq.gz	ftp.sra.ebi.ac.uk/vol1/run/ERR133/ERR13337668/RAL117_1.fastq.gz;ftp.sra.ebi.ac.uk/vol1/run/ERR133/ERR13337668/RAL117_2.fastq.gz	ftp.sra.ebi.ac.uk/vol1/err/ERR133/068/ERR13337668/ERR13337668.bam
ERR13337674	PRJEB72623	SAMEA115791478	ERX12708648	1616037	milk metagenome	ftp.sra.ebi.ac.uk/vol1/fastq/ERR133/074/ERR13337674/ERR13337674_1.fastq.gz;ftp.sra.ebi.ac.uk/vol1/fastq/ERR133/074/ERR13337674/ERR13337674_2.fastq.gz	ftp.sra.ebi.ac.uk/vol1/run/ERR133/ERR13337674/RAL134_1.fastq.gz;ftp.sra.ebi.ac.uk/vol1/run/ERR133/ERR13337674/RAL134_2.fastq.gz	ftp.sra.ebi.ac.uk/vol1/err/ERR133/074/ERR13337674/ERR13337674.bam
ERR13337679	PRJEB72623	SAMEA115791502	ERX12708653	1616037	milk metagenome	ftp.sra.ebi.ac.uk/vol1/fastq/ERR133/079/ERR13337679/ERR13337679_1.fastq.gz;ftp.sra.ebi.ac.uk/vol1/fastq/ERR133/079/ERR13337679/ERR13337679_2.fastq.gz	ftp.sra.ebi.ac.uk/vol1/run/ERR133/ERR13337679/RAL140_1.fastq.gz;ftp.sra.ebi.ac.uk/vol1/run/ERR133/ERR13337679/RAL140_2.fastq.gz	ftp.sra.ebi.ac.uk/vol1/err/ERR133/079/ERR13337679/ERR13337679.bam
ERR13337684	PRJEB72623	SAMEA115791457	ERX12708658	1616037	milk metagenome	ftp.sra.ebi.ac.uk/vol1/fastq/ERR133/084/ERR13337684/ERR13337684_1.fastq.gz;ftp.sra.ebi.ac.uk/vol1/fastq/ERR133/084/ERR13337684/ERR13337684_2.fastq.gz	ftp.sra.ebi.ac.uk/vol1/run/ERR133/ERR13337684/RAL159_1.fastq.gz;ftp.sra.ebi.ac.uk/vol1/run/ERR133/ERR13337684/RAL159_2.fastq.gz	ftp.sra.ebi.ac.uk/vol1/err/ERR133/084/ERR13337684/ERR13337684.bam
ERR13337685	PRJEB72623	SAMEA115791453	ERX12708659	1616037	milk metagenome	ftp.sra.ebi.ac.uk/vol1/fastq/ERR133/085/ERR13337685/ERR13337685_1.fastq.gz;ftp.sra.ebi.ac.uk/vol1/fastq/ERR133/085/ERR13337685/ERR13337685_2.fastq.gz	ftp.sra.ebi.ac.uk/vol1/run/ERR133/ERR13337685/RAL15_1.fastq.gz;ftp.sra.ebi.ac.uk/vol1/run/ERR133/ERR13337685/RAL15_2.fastq.gz	ftp.sra.ebi.ac.uk/vol1/err/ERR133/085/ERR13337685/ERR13337685.bam
ERR13337687	PRJEB72623	SAMEA115791459	ERX12708661	1616037	milk metagenome	ftp.sra.ebi.ac.uk/vol1/fastq/ERR133/087/ERR13337687/ERR13337687_1.fastq.gz;ftp.sra.ebi.ac.uk/vol1/fastq/ERR133/087/ERR13337687/ERR13337687_2.fastq.gz	ftp.sra.ebi.ac.uk/vol1/run/ERR133/ERR13337687/RAL161_1.fastq.gz;ftp.sra.ebi.ac.uk/vol1/run/ERR133/ERR13337687/RAL161_2.fastq.gz	ftp.sra.ebi.ac.uk/vol1/err/ERR133/087/ERR13337687/ERR13337687.bam
ERR13337689	PRJEB72623	SAMEA115791519	ERX12708663	1616037	milk metagenome	ftp.sra.ebi.ac.uk/vol1/fastq/ERR133/089/ERR13337689/ERR13337689_1.fastq.gz;ftp.sra.ebi.ac.uk/vol1/fastq/ERR133/089/ERR13337689/ERR13337689_2.fastq.gz	ftp.sra.ebi.ac.uk/vol1/run/ERR133/ERR13337689/RAL163_1.fastq.gz;ftp.sra.ebi.ac.uk/vol1/run/ERR133/ERR13337689/RAL163_2.fastq.gz	ftp.sra.ebi.ac.uk/vol1/err/ERR133/089/ERR13337689/ERR13337689.bam
ERR13337690	PRJEB72623	SAMEA115791520	ERX12708664	1616037	milk metagenome	ftp.sra.ebi.ac.uk/vol1/fastq/ERR133/090/ERR13337690/ERR13337690_1.fastq.gz;ftp.sra.ebi.ac.uk/vol1/fastq/ERR133/090/ERR13337690/ERR13337690_2.fastq.gz	ftp.sra.ebi.ac.uk/vol1/run/ERR133/ERR13337690/RAL164_1.fastq.gz;ftp.sra.ebi.ac.uk/vol1/run/ERR133/ERR13337690/RAL164_2.fastq.gz	ftp.sra.ebi.ac.uk/vol1/err/ERR133/090/ERR13337690/ERR13337690.bam
ERR13337692	PRJEB72623	SAMEA115791522	ERX12708666	1616037	milk metagenome	ftp.sra.ebi.ac.uk/vol1/fastq/ERR133/092/ERR13337692/ERR13337692_1.fastq.gz;ftp.sra.ebi.ac.uk/vol1/fastq/ERR133/092/ERR13337692/ERR13337692_2.fastq.gz	ftp.sra.ebi.ac.uk/vol1/run/ERR133/ERR13337692/RAL166_1.fastq.gz;ftp.sra.ebi.ac.uk/vol1/run/ERR133/ERR13337692/RAL166_2.fastq.gz	ftp.sra.ebi.ac.uk/vol1/err/ERR133/092/ERR13337692/ERR13337692.bam
ERR13337694	PRJEB72623	SAMEA115791455	ERX12708668	1616037	milk metagenome	ftp.sra.ebi.ac.uk/vol1/fastq/ERR133/094/ERR13337694/ERR13337694_1.fastq.gz;ftp.sra.ebi.ac.uk/vol1/fastq/ERR133/094/ERR13337694/ERR13337694_2.fastq.gz	ftp.sra.ebi.ac.uk/vol1/run/ERR133/ERR13337694/RAL17_1.fastq.gz;ftp.sra.ebi.ac.uk/vol1/run/ERR133/ERR13337694/RAL17_2.fastq.gz	ftp.sra.ebi.ac.uk/vol1/err/ERR133/094/ERR13337694/ERR13337694.bam
ERR13337696	PRJEB72623	SAMEA115791504	ERX12708670	1616037	milk metagenome	ftp.sra.ebi.ac.uk/vol1/fastq/ERR133/096/ERR13337696/ERR13337696_1.fastq.gz;ftp.sra.ebi.ac.uk/vol1/fastq/ERR133/096/ERR13337696/ERR13337696_2.fastq.gz	ftp.sra.ebi.ac.uk/vol1/run/ERR133/ERR13337696/RAL184_1.fastq.gz;ftp.sra.ebi.ac.uk/vol1/run/ERR133/ERR13337696/RAL184_2.fastq.gz	ftp.sra.ebi.ac.uk/vol1/err/ERR133/096/ERR13337696/ERR13337696.bam
ERR13337707	PRJEB72623	SAMEA115791467	ERX12708681	1616037	milk metagenome	ftp.sra.ebi.ac.uk/vol1/fastq/ERR133/007/ERR13337707/ERR13337707_1.fastq.gz;ftp.sra.ebi.ac.uk/vol1/fastq/ERR133/007/ERR13337707/ERR13337707_2.fastq.gz	ftp.sra.ebi.ac.uk/vol1/run/ERR133/ERR13337707/RAL211_1.fastq.gz;ftp.sra.ebi.ac.uk/vol1/run/ERR133/ERR13337707/RAL211_2.fastq.gz	ftp.sra.ebi.ac.uk/vol1/err/ERR133/007/ERR13337707/ERR13337707.bam
ERR13337710	PRJEB72623	SAMEA115791524	ERX12708684	1616037	milk metagenome	ftp.sra.ebi.ac.uk/vol1/fastq/ERR133/010/ERR13337710/ERR13337710_1.fastq.gz;ftp.sra.ebi.ac.uk/vol1/fastq/ERR133/010/ERR13337710/ERR13337710_2.fastq.gz	ftp.sra.ebi.ac.uk/vol1/run/ERR133/ERR13337710/RAL215_1.fastq.gz;ftp.sra.ebi.ac.uk/vol1/run/ERR133/ERR13337710/RAL215_2.fastq.gz	ftp.sra.ebi.ac.uk/vol1/err/ERR133/010/ERR13337710/ERR13337710.bam
ERR13337711	PRJEB72623	SAMEA115791525	ERX12708685	1616037	milk metagenome	ftp.sra.ebi.ac.uk/vol1/fastq/ERR133/011/ERR13337711/ERR13337711_1.fastq.gz;ftp.sra.ebi.ac.uk/vol1/fastq/ERR133/011/ERR13337711/ERR13337711_2.fastq.gz	ftp.sra.ebi.ac.uk/vol1/run/ERR133/ERR13337711/RAL216_1.fastq.gz;ftp.sra.ebi.ac.uk/vol1/run/ERR133/ERR13337711/RAL216_2.fastq.gz	ftp.sra.ebi.ac.uk/vol1/err/ERR133/011/ERR13337711/ERR13337711.bam
ERR13337713	PRJEB72623	SAMEA115791461	ERX12708687	1616037	milk metagenome	ftp.sra.ebi.ac.uk/vol1/fastq/ERR133/013/ERR13337713/ERR13337713_1.fastq.gz;ftp.sra.ebi.ac.uk/vol1/fastq/ERR133/013/ERR13337713/ERR13337713_2.fastq.gz	ftp.sra.ebi.ac.uk/vol1/run/ERR133/ERR13337713/RAL229_1.fastq.gz;ftp.sra.ebi.ac.uk/vol1/run/ERR133/ERR13337713/RAL229_2.fastq.gz	ftp.sra.ebi.ac.uk/vol1/err/ERR133/013/ERR13337713/ERR13337713.bam
ERR13337716	PRJEB72623	SAMEA115791464	ERX12708690	1616037	milk metagenome	ftp.sra.ebi.ac.uk/vol1/fastq/ERR133/016/ERR13337716/ERR13337716_1.fastq.gz;ftp.sra.ebi.ac.uk/vol1/fastq/ERR133/016/ERR13337716/ERR13337716_2.fastq.gz	ftp.sra.ebi.ac.uk/vol1/run/ERR133/ERR13337716/RAL232_1.fastq.gz;ftp.sra.ebi.ac.uk/vol1/run/ERR133/ERR13337716/RAL232_2.fastq.gz	ftp.sra.ebi.ac.uk/vol1/err/ERR133/016/ERR13337716/ERR13337716.bam
ERR13337722	PRJEB72623	SAMEA115791443	ERX12708696	1616037	milk metagenome	ftp.sra.ebi.ac.uk/vol1/fastq/ERR133/022/ERR13337722/ERR13337722_1.fastq.gz;ftp.sra.ebi.ac.uk/vol1/fastq/ERR133/022/ERR13337722/ERR13337722_2.fastq.gz	ftp.sra.ebi.ac.uk/vol1/run/ERR133/ERR13337722/RAL25_1.fastq.gz;ftp.sra.ebi.ac.uk/vol1/run/ERR133/ERR13337722/RAL25_2.fastq.gz	ftp.sra.ebi.ac.uk/vol1/err/ERR133/022/ERR13337722/ERR13337722.bam
ERR13337723	PRJEB72623	SAMEA115791488	ERX12708697	1616037	milk metagenome	ftp.sra.ebi.ac.uk/vol1/fastq/ERR133/023/ERR13337723/ERR13337723_1.fastq.gz;ftp.sra.ebi.ac.uk/vol1/fastq/ERR133/023/ERR13337723/ERR13337723_2.fastq.gz	ftp.sra.ebi.ac.uk/vol1/run/ERR133/ERR13337723/RAL260_1.fastq.gz;ftp.sra.ebi.ac.uk/vol1/run/ERR133/ERR13337723/RAL260_2.fastq.gz	ftp.sra.ebi.ac.uk/vol1/err/ERR133/023/ERR13337723/ERR13337723.bam
ERR13337726	PRJEB72623	SAMEA115791497	ERX12708700	1616037	milk metagenome	ftp.sra.ebi.ac.uk/vol1/fastq/ERR133/026/ERR13337726/ERR13337726_1.fastq.gz;ftp.sra.ebi.ac.uk/vol1/fastq/ERR133/026/ERR13337726/ERR13337726_2.fastq.gz	ftp.sra.ebi.ac.uk/vol1/run/ERR133/ERR13337726/RAL278_1.fastq.gz;ftp.sra.ebi.ac.uk/vol1/run/ERR133/ERR13337726/RAL278_2.fastq.gz	ftp.sra.ebi.ac.uk/vol1/err/ERR133/026/ERR13337726/ERR13337726.bam
ERR13337728	PRJEB72623	SAMEA115791499	ERX12708702	1616037	milk metagenome	ftp.sra.ebi.ac.uk/vol1/fastq/ERR133/028/ERR13337728/ERR13337728_1.fastq.gz;ftp.sra.ebi.ac.uk/vol1/fastq/ERR133/028/ERR13337728/ERR13337728_2.fastq.gz	ftp.sra.ebi.ac.uk/vol1/run/ERR133/ERR13337728/RAL280_1.fastq.gz;ftp.sra.ebi.ac.uk/vol1/run/ERR133/ERR13337728/RAL280_2.fastq.gz	ftp.sra.ebi.ac.uk/vol1/err/ERR133/028/ERR13337728/ERR13337728.bam
ERR13337732	PRJEB72623	SAMEA115791483	ERX12708706	1616037	milk metagenome	ftp.sra.ebi.ac.uk/vol1/fastq/ERR133/032/ERR13337732/ERR13337732_1.fastq.gz;ftp.sra.ebi.ac.uk/vol1/fastq/ERR133/032/ERR13337732/ERR13337732_2.fastq.gz	ftp.sra.ebi.ac.uk/vol1/run/ERR133/ERR13337732/RAL304_1.fastq.gz;ftp.sra.ebi.ac.uk/vol1/run/ERR133/ERR13337732/RAL304_2.fastq.gz	ftp.sra.ebi.ac.uk/vol1/err/ERR133/032/ERR13337732/ERR13337732.bam
ERR13337733	PRJEB72623	SAMEA115791484	ERX12708707	1616037	milk metagenome	ftp.sra.ebi.ac.uk/vol1/fastq/ERR133/033/ERR13337733/ERR13337733_1.fastq.gz;ftp.sra.ebi.ac.uk/vol1/fastq/ERR133/033/ERR13337733/ERR13337733_2.fastq.gz	ftp.sra.ebi.ac.uk/vol1/run/ERR133/ERR13337733/RAL305_1.fastq.gz;ftp.sra.ebi.ac.uk/vol1/run/ERR133/ERR13337733/RAL305_2.fastq.gz	ftp.sra.ebi.ac.uk/vol1/err/ERR133/033/ERR13337733/ERR13337733.bam
ERR13337738	PRJEB72623	SAMEA115791469	ERX12708712	1616037	milk metagenome	ftp.sra.ebi.ac.uk/vol1/fastq/ERR133/038/ERR13337738/ERR13337738_1.fastq.gz;ftp.sra.ebi.ac.uk/vol1/fastq/ERR133/038/ERR13337738/ERR13337738_2.fastq.gz	ftp.sra.ebi.ac.uk/vol1/run/ERR133/ERR13337738/RAL314_1.fastq.gz;ftp.sra.ebi.ac.uk/vol1/run/ERR133/ERR13337738/RAL314_2.fastq.gz	ftp.sra.ebi.ac.uk/vol1/err/ERR133/038/ERR13337738/ERR13337738.bam
ERR13337744	PRJEB72623	SAMEA115791495	ERX12708718	1616037	milk metagenome	ftp.sra.ebi.ac.uk/vol1/fastq/ERR133/044/ERR13337744/ERR13337744_1.fastq.gz;ftp.sra.ebi.ac.uk/vol1/fastq/ERR133/044/ERR13337744/ERR13337744_2.fastq.gz	ftp.sra.ebi.ac.uk/vol1/run/ERR133/ERR13337744/RAL321_1.fastq.gz;ftp.sra.ebi.ac.uk/vol1/run/ERR133/ERR13337744/RAL321_2.fastq.gz	ftp.sra.ebi.ac.uk/vol1/err/ERR133/044/ERR13337744/ERR13337744.bam
ERR13337745	PRJEB72623	SAMEA115791511	ERX12708719	1616037	milk metagenome	ftp.sra.ebi.ac.uk/vol1/fastq/ERR133/045/ERR13337745/ERR13337745_1.fastq.gz;ftp.sra.ebi.ac.uk/vol1/fastq/ERR133/045/ERR13337745/ERR13337745_2.fastq.gz	ftp.sra.ebi.ac.uk/vol1/run/ERR133/ERR13337745/RAL337_1.fastq.gz;ftp.sra.ebi.ac.uk/vol1/run/ERR133/ERR13337745/RAL337_2.fastq.gz	ftp.sra.ebi.ac.uk/vol1/err/ERR133/045/ERR13337745/ERR13337745.bam
ERR13337748	PRJEB72623	SAMEA115791514	ERX12708722	1616037	milk metagenome	ftp.sra.ebi.ac.uk/vol1/fastq/ERR133/048/ERR13337748/ERR13337748_1.fastq.gz;ftp.sra.ebi.ac.uk/vol1/fastq/ERR133/048/ERR13337748/ERR13337748_2.fastq.gz	ftp.sra.ebi.ac.uk/vol1/run/ERR133/ERR13337748/RAL340_1.fastq.gz;ftp.sra.ebi.ac.uk/vol1/run/ERR133/ERR13337748/RAL340_2.fastq.gz	ftp.sra.ebi.ac.uk/vol1/err/ERR133/048/ERR13337748/ERR13337748.bam
ERR13337751	PRJEB72623	SAMEA115791392	ERX12708725	1616037	milk metagenome	ftp.sra.ebi.ac.uk/vol1/fastq/ERR133/051/ERR13337751/ERR13337751_1.fastq.gz;ftp.sra.ebi.ac.uk/vol1/fastq/ERR133/051/ERR13337751/ERR13337751_2.fastq.gz	ftp.sra.ebi.ac.uk/vol1/run/ERR133/ERR13337751/RAL387_1.fastq.gz;ftp.sra.ebi.ac.uk/vol1/run/ERR133/ERR13337751/RAL387_2.fastq.gz	ftp.sra.ebi.ac.uk/vol1/err/ERR133/051/ERR13337751/ERR13337751.bam
ERR13337754	PRJEB72623	SAMEA115791394	ERX12708728	1616037	milk metagenome	ftp.sra.ebi.ac.uk/vol1/fastq/ERR133/054/ERR13337754/ERR13337754_1.fastq.gz;ftp.sra.ebi.ac.uk/vol1/fastq/ERR133/054/ERR13337754/ERR13337754_2.fastq.gz	ftp.sra.ebi.ac.uk/vol1/run/ERR133/ERR13337754/RAL404_1.fastq.gz;ftp.sra.ebi.ac.uk/vol1/run/ERR133/ERR13337754/RAL404_2.fastq.gz	ftp.sra.ebi.ac.uk/vol1/err/ERR133/054/ERR13337754/ERR13337754.bam
ERR13337757	PRJEB72623	SAMEA115791397	ERX12708731	1616037	milk metagenome	ftp.sra.ebi.ac.uk/vol1/fastq/ERR133/057/ERR13337757/ERR13337757_1.fastq.gz;ftp.sra.ebi.ac.uk/vol1/fastq/ERR133/057/ERR13337757/ERR13337757_2.fastq.gz	ftp.sra.ebi.ac.uk/vol1/run/ERR133/ERR13337757/RAL407_1.fastq.gz;ftp.sra.ebi.ac.uk/vol1/run/ERR133/ERR13337757/RAL407_2.fastq.gz	ftp.sra.ebi.ac.uk/vol1/err/ERR133/057/ERR13337757/ERR13337757.bam
ERR13337759	PRJEB72623	SAMEA115791414	ERX12708733	1616037	milk metagenome	ftp.sra.ebi.ac.uk/vol1/fastq/ERR133/059/ERR13337759/ERR13337759_1.fastq.gz;ftp.sra.ebi.ac.uk/vol1/fastq/ERR133/059/ERR13337759/ERR13337759_2.fastq.gz	ftp.sra.ebi.ac.uk/vol1/run/ERR133/ERR13337759/RAL423_1.fastq.gz;ftp.sra.ebi.ac.uk/vol1/run/ERR133/ERR13337759/RAL423_2.fastq.gz	ftp.sra.ebi.ac.uk/vol1/err/ERR133/059/ERR13337759/ERR13337759.bam
ERR13337761	PRJEB72623	SAMEA115791416	ERX12708735	1616037	milk metagenome	ftp.sra.ebi.ac.uk/vol1/fastq/ERR133/061/ERR13337761/ERR13337761_1.fastq.gz;ftp.sra.ebi.ac.uk/vol1/fastq/ERR133/061/ERR13337761/ERR13337761_2.fastq.gz	ftp.sra.ebi.ac.uk/vol1/run/ERR133/ERR13337761/RAL425_1.fastq.gz;ftp.sra.ebi.ac.uk/vol1/run/ERR133/ERR13337761/RAL425_2.fastq.gz	ftp.sra.ebi.ac.uk/vol1/err/ERR133/061/ERR13337761/ERR13337761.bam
ERR13337765	PRJEB72623	SAMEA115791389	ERX12708739	1616037	milk metagenome	ftp.sra.ebi.ac.uk/vol1/fastq/ERR133/065/ERR13337765/ERR13337765_1.fastq.gz;ftp.sra.ebi.ac.uk/vol1/fastq/ERR133/065/ERR13337765/ERR13337765_2.fastq.gz	ftp.sra.ebi.ac.uk/vol1/run/ERR133/ERR13337765/RAL429_1.fastq.gz;ftp.sra.ebi.ac.uk/vol1/run/ERR133/ERR13337765/RAL429_2.fastq.gz	ftp.sra.ebi.ac.uk/vol1/err/ERR133/065/ERR13337765/ERR13337765.bam
ERR13337769	PRJEB72623	SAMEA115791421	ERX12708743	1616037	milk metagenome	ftp.sra.ebi.ac.uk/vol1/fastq/ERR133/069/ERR13337769/ERR13337769_1.fastq.gz;ftp.sra.ebi.ac.uk/vol1/fastq/ERR133/069/ERR13337769/ERR13337769_2.fastq.gz	ftp.sra.ebi.ac.uk/vol1/run/ERR133/ERR13337769/RAL456_1.fastq.gz;ftp.sra.ebi.ac.uk/vol1/run/ERR133/ERR13337769/RAL456_2.fastq.gz	ftp.sra.ebi.ac.uk/vol1/err/ERR133/069/ERR13337769/ERR13337769.bam
ERR13337771	PRJEB72623	SAMEA115791423	ERX12708745	1616037	milk metagenome	ftp.sra.ebi.ac.uk/vol1/fastq/ERR133/071/ERR13337771/ERR13337771_1.fastq.gz;ftp.sra.ebi.ac.uk/vol1/fastq/ERR133/071/ERR13337771/ERR13337771_2.fastq.gz	ftp.sra.ebi.ac.uk/vol1/run/ERR133/ERR13337771/RAL458_1.fastq.gz;ftp.sra.ebi.ac.uk/vol1/run/ERR133/ERR13337771/RAL458_2.fastq.gz	ftp.sra.ebi.ac.uk/vol1/err/ERR133/071/ERR13337771/ERR13337771.bam
ERR13337773	PRJEB72623	SAMEA115791401	ERX12708747	1616037	milk metagenome	ftp.sra.ebi.ac.uk/vol1/fastq/ERR133/073/ERR13337773/ERR13337773_1.fastq.gz;ftp.sra.ebi.ac.uk/vol1/fastq/ERR133/073/ERR13337773/ERR13337773_2.fastq.gz	ftp.sra.ebi.ac.uk/vol1/run/ERR133/ERR13337773/RAL460_1.fastq.gz;ftp.sra.ebi.ac.uk/vol1/run/ERR133/ERR13337773/RAL460_2.fastq.gz	ftp.sra.ebi.ac.uk/vol1/err/ERR133/073/ERR13337773/ERR13337773.bam
ERR13337774	PRJEB72623	SAMEA115791402	ERX12708748	1616037	milk metagenome	ftp.sra.ebi.ac.uk/vol1/fastq/ERR133/074/ERR13337774/ERR13337774_1.fastq.gz;ftp.sra.ebi.ac.uk/vol1/fastq/ERR133/074/ERR13337774/ERR13337774_2.fastq.gz	ftp.sra.ebi.ac.uk/vol1/run/ERR133/ERR13337774/RAL461_1.fastq.gz;ftp.sra.ebi.ac.uk/vol1/run/ERR133/ERR13337774/RAL461_2.fastq.gz	ftp.sra.ebi.ac.uk/vol1/err/ERR133/074/ERR13337774/ERR13337774.bam
ERR13337776	PRJEB72623	SAMEA115791404	ERX12708750	1616037	milk metagenome	ftp.sra.ebi.ac.uk/vol1/fastq/ERR133/076/ERR13337776/ERR13337776_1.fastq.gz;ftp.sra.ebi.ac.uk/vol1/fastq/ERR133/076/ERR13337776/ERR13337776_2.fastq.gz	ftp.sra.ebi.ac.uk/vol1/run/ERR133/ERR13337776/RAL463_1.fastq.gz;ftp.sra.ebi.ac.uk/vol1/run/ERR133/ERR13337776/RAL463_2.fastq.gz	ftp.sra.ebi.ac.uk/vol1/err/ERR133/076/ERR13337776/ERR13337776.bam
ERR13337777	PRJEB72623	SAMEA115791417	ERX12708751	1616037	milk metagenome	ftp.sra.ebi.ac.uk/vol1/fastq/ERR133/077/ERR13337777/ERR13337777_1.fastq.gz;ftp.sra.ebi.ac.uk/vol1/fastq/ERR133/077/ERR13337777/ERR13337777_2.fastq.gz	ftp.sra.ebi.ac.uk/vol1/run/ERR133/ERR13337777/RAL464_1.fastq.gz;ftp.sra.ebi.ac.uk/vol1/run/ERR133/ERR13337777/RAL464_2.fastq.gz	ftp.sra.ebi.ac.uk/vol1/err/ERR133/077/ERR13337777/ERR13337777.bam
ERR13337778	PRJEB72623	SAMEA115791418	ERX12708752	1616037	milk metagenome	ftp.sra.ebi.ac.uk/vol1/fastq/ERR133/078/ERR13337778/ERR13337778_1.fastq.gz;ftp.sra.ebi.ac.uk/vol1/fastq/ERR133/078/ERR13337778/ERR13337778_2.fastq.gz	ftp.sra.ebi.ac.uk/vol1/run/ERR133/ERR13337778/RAL465_1.fastq.gz;ftp.sra.ebi.ac.uk/vol1/run/ERR133/ERR13337778/RAL465_2.fastq.gz	ftp.sra.ebi.ac.uk/vol1/err/ERR133/078/ERR13337778/ERR13337778.bam
ERR13337783	PRJEB72623	SAMEA115791407	ERX12708757	1616037	milk metagenome	ftp.sra.ebi.ac.uk/vol1/fastq/ERR133/083/ERR13337783/ERR13337783_1.fastq.gz;ftp.sra.ebi.ac.uk/vol1/fastq/ERR133/083/ERR13337783/ERR13337783_2.fastq.gz	ftp.sra.ebi.ac.uk/vol1/run/ERR133/ERR13337783/RAL470_1.fastq.gz;ftp.sra.ebi.ac.uk/vol1/run/ERR133/ERR13337783/RAL470_2.fastq.gz	ftp.sra.ebi.ac.uk/vol1/err/ERR133/083/ERR13337783/ERR13337783.bam
ERR13337787	PRJEB72623	SAMEA115791431	ERX12708761	1616037	milk metagenome	ftp.sra.ebi.ac.uk/vol1/fastq/ERR133/087/ERR13337787/ERR13337787_1.fastq.gz;ftp.sra.ebi.ac.uk/vol1/fastq/ERR133/087/ERR13337787/ERR13337787_2.fastq.gz	ftp.sra.ebi.ac.uk/vol1/run/ERR133/ERR13337787/RAL474_1.fastq.gz;ftp.sra.ebi.ac.uk/vol1/run/ERR133/ERR13337787/RAL474_2.fastq.gz	ftp.sra.ebi.ac.uk/vol1/err/ERR133/087/ERR13337787/ERR13337787.bam
ERR13337788	PRJEB72623	SAMEA115791432	ERX12708762	1616037	milk metagenome	ftp.sra.ebi.ac.uk/vol1/fastq/ERR133/088/ERR13337788/ERR13337788_1.fastq.gz;ftp.sra.ebi.ac.uk/vol1/fastq/ERR133/088/ERR13337788/ERR13337788_2.fastq.gz	ftp.sra.ebi.ac.uk/vol1/run/ERR133/ERR13337788/RAL475_1.fastq.gz;ftp.sra.ebi.ac.uk/vol1/run/ERR133/ERR13337788/RAL475_2.fastq.gz	ftp.sra.ebi.ac.uk/vol1/err/ERR133/088/ERR13337788/ERR13337788.bam
ERR13337791	PRJEB72623	SAMEA115791411	ERX12708765	1616037	milk metagenome	ftp.sra.ebi.ac.uk/vol1/fastq/ERR133/091/ERR13337791/ERR13337791_1.fastq.gz;ftp.sra.ebi.ac.uk/vol1/fastq/ERR133/091/ERR13337791/ERR13337791_2.fastq.gz	ftp.sra.ebi.ac.uk/vol1/run/ERR133/ERR13337791/RAL495_1.fastq.gz;ftp.sra.ebi.ac.uk/vol1/run/ERR133/ERR13337791/RAL495_2.fastq.gz	ftp.sra.ebi.ac.uk/vol1/err/ERR133/091/ERR13337791/ERR13337791.bam
ERR13337795	PRJEB72623	SAMEA115791347	ERX12708769	1616037	milk metagenome	ftp.sra.ebi.ac.uk/vol1/fastq/ERR133/095/ERR13337795/ERR13337795_1.fastq.gz;ftp.sra.ebi.ac.uk/vol1/fastq/ERR133/095/ERR13337795/ERR13337795_2.fastq.gz	ftp.sra.ebi.ac.uk/vol1/run/ERR133/ERR13337795/RAL507_1.fastq.gz;ftp.sra.ebi.ac.uk/vol1/run/ERR133/ERR13337795/RAL507_2.fastq.gz	ftp.sra.ebi.ac.uk/vol1/err/ERR133/095/ERR13337795/ERR13337795.bam
ERR13337796	PRJEB72623	SAMEA115791348	ERX12708770	1616037	milk metagenome	ftp.sra.ebi.ac.uk/vol1/fastq/ERR133/096/ERR13337796/ERR13337796_1.fastq.gz;ftp.sra.ebi.ac.uk/vol1/fastq/ERR133/096/ERR13337796/ERR13337796_2.fastq.gz	ftp.sra.ebi.ac.uk/vol1/run/ERR133/ERR13337796/RAL508_1.fastq.gz;ftp.sra.ebi.ac.uk/vol1/run/ERR133/ERR13337796/RAL508_2.fastq.gz	ftp.sra.ebi.ac.uk/vol1/err/ERR133/096/ERR13337796/ERR13337796.bam
ERR13337797	PRJEB72623	SAMEA115791349	ERX12708771	1616037	milk metagenome	ftp.sra.ebi.ac.uk/vol1/fastq/ERR133/097/ERR13337797/ERR13337797_1.fastq.gz;ftp.sra.ebi.ac.uk/vol1/fastq/ERR133/097/ERR13337797/ERR13337797_2.fastq.gz	ftp.sra.ebi.ac.uk/vol1/run/ERR133/ERR13337797/RAL509_1.fastq.gz;ftp.sra.ebi.ac.uk/vol1/run/ERR133/ERR13337797/RAL509_2.fastq.gz	ftp.sra.ebi.ac.uk/vol1/err/ERR133/097/ERR13337797/ERR13337797.bam
ERR13337799	PRJEB72623	SAMEA115791359	ERX12708773	1616037	milk metagenome	ftp.sra.ebi.ac.uk/vol1/fastq/ERR133/099/ERR13337799/ERR13337799_1.fastq.gz;ftp.sra.ebi.ac.uk/vol1/fastq/ERR133/099/ERR13337799/ERR13337799_2.fastq.gz	ftp.sra.ebi.ac.uk/vol1/run/ERR133/ERR13337799/RAL511_1.fastq.gz;ftp.sra.ebi.ac.uk/vol1/run/ERR133/ERR13337799/RAL511_2.fastq.gz	ftp.sra.ebi.ac.uk/vol1/err/ERR133/099/ERR13337799/ERR13337799.bam
ERR13337800	PRJEB72623	SAMEA115791360	ERX12708774	1616037	milk metagenome	ftp.sra.ebi.ac.uk/vol1/fastq/ERR133/000/ERR13337800/ERR13337800_1.fastq.gz;ftp.sra.ebi.ac.uk/vol1/fastq/ERR133/000/ERR13337800/ERR13337800_2.fastq.gz	ftp.sra.ebi.ac.uk/vol1/run/ERR133/ERR13337800/RAL512_1.fastq.gz;ftp.sra.ebi.ac.uk/vol1/run/ERR133/ERR13337800/RAL512_2.fastq.gz	ftp.sra.ebi.ac.uk/vol1/err/ERR133/000/ERR13337800/ERR13337800.bam
ERR13337801	PRJEB72623	SAMEA115791361	ERX12708775	1616037	milk metagenome	ftp.sra.ebi.ac.uk/vol1/fastq/ERR133/001/ERR13337801/ERR13337801_1.fastq.gz;ftp.sra.ebi.ac.uk/vol1/fastq/ERR133/001/ERR13337801/ERR13337801_2.fastq.gz	ftp.sra.ebi.ac.uk/vol1/run/ERR133/ERR13337801/RAL513_1.fastq.gz;ftp.sra.ebi.ac.uk/vol1/run/ERR133/ERR13337801/RAL513_2.fastq.gz	ftp.sra.ebi.ac.uk/vol1/err/ERR133/001/ERR13337801/ERR13337801.bam
ERR13337806	PRJEB72623	SAMEA115791342	ERX12708780	1616037	milk metagenome	ftp.sra.ebi.ac.uk/vol1/fastq/ERR133/006/ERR13337806/ERR13337806_1.fastq.gz;ftp.sra.ebi.ac.uk/vol1/fastq/ERR133/006/ERR13337806/ERR13337806_2.fastq.gz	ftp.sra.ebi.ac.uk/vol1/run/ERR133/ERR13337806/RAL518_1.fastq.gz;ftp.sra.ebi.ac.uk/vol1/run/ERR133/ERR13337806/RAL518_2.fastq.gz	ftp.sra.ebi.ac.uk/vol1/err/ERR133/006/ERR13337806/ERR13337806.bam
ERR13337807	PRJEB72623	SAMEA115791343	ERX12708781	1616037	milk metagenome	ftp.sra.ebi.ac.uk/vol1/fastq/ERR133/007/ERR13337807/ERR13337807_1.fastq.gz;ftp.sra.ebi.ac.uk/vol1/fastq/ERR133/007/ERR13337807/ERR13337807_2.fastq.gz	ftp.sra.ebi.ac.uk/vol1/run/ERR133/ERR13337807/RAL519_1.fastq.gz;ftp.sra.ebi.ac.uk/vol1/run/ERR133/ERR13337807/RAL519_2.fastq.gz	ftp.sra.ebi.ac.uk/vol1/err/ERR133/007/ERR13337807/ERR13337807.bam
ERR13337812	PRJEB72623	SAMEA115791351	ERX12708786	1616037	milk metagenome	ftp.sra.ebi.ac.uk/vol1/fastq/ERR133/012/ERR13337812/ERR13337812_1.fastq.gz;ftp.sra.ebi.ac.uk/vol1/fastq/ERR133/012/ERR13337812/ERR13337812_2.fastq.gz	ftp.sra.ebi.ac.uk/vol1/run/ERR133/ERR13337812/RAL523_1.fastq.gz;ftp.sra.ebi.ac.uk/vol1/run/ERR133/ERR13337812/RAL523_2.fastq.gz	ftp.sra.ebi.ac.uk/vol1/err/ERR133/012/ERR13337812/ERR13337812.bam
ERR13337815	PRJEB72623	SAMEA115791378	ERX12708789	1616037	milk metagenome	ftp.sra.ebi.ac.uk/vol1/fastq/ERR133/015/ERR13337815/ERR13337815_1.fastq.gz;ftp.sra.ebi.ac.uk/vol1/fastq/ERR133/015/ERR13337815/ERR13337815_2.fastq.gz	ftp.sra.ebi.ac.uk/vol1/run/ERR133/ERR13337815/RAL526_1.fastq.gz;ftp.sra.ebi.ac.uk/vol1/run/ERR133/ERR13337815/RAL526_2.fastq.gz	ftp.sra.ebi.ac.uk/vol1/err/ERR133/015/ERR13337815/ERR13337815.bam
ERR13337818	PRJEB72623	SAMEA115791381	ERX12708792	1616037	milk metagenome	ftp.sra.ebi.ac.uk/vol1/fastq/ERR133/018/ERR13337818/ERR13337818_1.fastq.gz;ftp.sra.ebi.ac.uk/vol1/fastq/ERR133/018/ERR13337818/ERR13337818_2.fastq.gz	ftp.sra.ebi.ac.uk/vol1/run/ERR133/ERR13337818/RAL529_1.fastq.gz;ftp.sra.ebi.ac.uk/vol1/run/ERR133/ERR13337818/RAL529_2.fastq.gz	ftp.sra.ebi.ac.uk/vol1/err/ERR133/018/ERR13337818/ERR13337818.bam
ERR13337828	PRJEB72623	SAMEA115791376	ERX12708802	1616037	milk metagenome	ftp.sra.ebi.ac.uk/vol1/fastq/ERR133/028/ERR13337828/ERR13337828_1.fastq.gz;ftp.sra.ebi.ac.uk/vol1/fastq/ERR133/028/ERR13337828/ERR13337828_2.fastq.gz	ftp.sra.ebi.ac.uk/vol1/run/ERR133/ERR13337828/RAL600_1.fastq.gz;ftp.sra.ebi.ac.uk/vol1/run/ERR133/ERR13337828/RAL600_2.fastq.gz	ftp.sra.ebi.ac.uk/vol1/err/ERR133/028/ERR13337828/ERR13337828.bam
ERR13337830	PRJEB72623	SAMEA115791362	ERX12708804	1616037	milk metagenome	ftp.sra.ebi.ac.uk/vol1/fastq/ERR133/030/ERR13337830/ERR13337830_1.fastq.gz;ftp.sra.ebi.ac.uk/vol1/fastq/ERR133/030/ERR13337830/ERR13337830_2.fastq.gz	ftp.sra.ebi.ac.uk/vol1/run/ERR133/ERR13337830/RAL616_1.fastq.gz;ftp.sra.ebi.ac.uk/vol1/run/ERR133/ERR13337830/RAL616_2.fastq.gz	ftp.sra.ebi.ac.uk/vol1/err/ERR133/030/ERR13337830/ERR13337830.bam
ERR13337838	PRJEB72623	SAMEA115791370	ERX12708812	1616037	milk metagenome	ftp.sra.ebi.ac.uk/vol1/fastq/ERR133/038/ERR13337838/ERR13337838_1.fastq.gz;ftp.sra.ebi.ac.uk/vol1/fastq/ERR133/038/ERR13337838/ERR13337838_2.fastq.gz	ftp.sra.ebi.ac.uk/vol1/run/ERR133/ERR13337838/RAL637_1.fastq.gz;ftp.sra.ebi.ac.uk/vol1/run/ERR133/ERR13337838/RAL637_2.fastq.gz	ftp.sra.ebi.ac.uk/vol1/err/ERR133/038/ERR13337838/ERR13337838.bam
ERR13337841	PRJEB72623	SAMEA115791373	ERX12708815	1616037	milk metagenome	ftp.sra.ebi.ac.uk/vol1/fastq/ERR133/041/ERR13337841/ERR13337841_1.fastq.gz;ftp.sra.ebi.ac.uk/vol1/fastq/ERR133/041/ERR13337841/ERR13337841_2.fastq.gz	ftp.sra.ebi.ac.uk/vol1/run/ERR133/ERR13337841/RAL640_1.fastq.gz;ftp.sra.ebi.ac.uk/vol1/run/ERR133/ERR13337841/RAL640_2.fastq.gz	ftp.sra.ebi.ac.uk/vol1/err/ERR133/041/ERR13337841/ERR13337841.bam
ERR13337847	PRJEB72623	SAMEA115791548	ERX12708821	1616037	milk metagenome	ftp.sra.ebi.ac.uk/vol1/fastq/ERR133/047/ERR13337847/ERR13337847_1.fastq.gz;ftp.sra.ebi.ac.uk/vol1/fastq/ERR133/047/ERR13337847/ERR13337847_2.fastq.gz	ftp.sra.ebi.ac.uk/vol1/run/ERR133/ERR13337847/RAL662_1.fastq.gz;ftp.sra.ebi.ac.uk/vol1/run/ERR133/ERR13337847/RAL662_2.fastq.gz	ftp.sra.ebi.ac.uk/vol1/err/ERR133/047/ERR13337847/ERR13337847.bam
ERR13337849	PRJEB72623	SAMEA115791550	ERX12708823	1616037	milk metagenome	ftp.sra.ebi.ac.uk/vol1/fastq/ERR133/049/ERR13337849/ERR13337849_1.fastq.gz;ftp.sra.ebi.ac.uk/vol1/fastq/ERR133/049/ERR13337849/ERR13337849_2.fastq.gz	ftp.sra.ebi.ac.uk/vol1/run/ERR133/ERR13337849/RAL664_1.fastq.gz;ftp.sra.ebi.ac.uk/vol1/run/ERR133/ERR13337849/RAL664_2.fastq.gz	ftp.sra.ebi.ac.uk/vol1/err/ERR133/049/ERR13337849/ERR13337849.bam
ERR13337857	PRJEB72623	SAMEA115791554	ERX12708831	1616037	milk metagenome	ftp.sra.ebi.ac.uk/vol1/fastq/ERR133/057/ERR13337857/ERR13337857_1.fastq.gz;ftp.sra.ebi.ac.uk/vol1/fastq/ERR133/057/ERR13337857/ERR13337857_2.fastq.gz	ftp.sra.ebi.ac.uk/vol1/run/ERR133/ERR13337857/RAL692_1.fastq.gz;ftp.sra.ebi.ac.uk/vol1/run/ERR133/ERR13337857/RAL692_2.fastq.gz	ftp.sra.ebi.ac.uk/vol1/err/ERR133/057/ERR13337857/ERR13337857.bam
ERR13337859	PRJEB72623	SAMEA115791556	ERX12708833	1616037	milk metagenome	ftp.sra.ebi.ac.uk/vol1/fastq/ERR133/059/ERR13337859/ERR13337859_1.fastq.gz;ftp.sra.ebi.ac.uk/vol1/fastq/ERR133/059/ERR13337859/ERR13337859_2.fastq.gz	ftp.sra.ebi.ac.uk/vol1/run/ERR133/ERR13337859/RAL694_1.fastq.gz;ftp.sra.ebi.ac.uk/vol1/run/ERR133/ERR13337859/RAL694_2.fastq.gz	ftp.sra.ebi.ac.uk/vol1/err/ERR133/059/ERR13337859/ERR13337859.bam
ERR13337864	PRJEB72623	SAMEA115791539	ERX12708838	1616037	milk metagenome	ftp.sra.ebi.ac.uk/vol1/fastq/ERR133/064/ERR13337864/ERR13337864_1.fastq.gz;ftp.sra.ebi.ac.uk/vol1/fastq/ERR133/064/ERR13337864/ERR13337864_2.fastq.gz	ftp.sra.ebi.ac.uk/vol1/run/ERR133/ERR13337864/RAL763_1.fastq.gz;ftp.sra.ebi.ac.uk/vol1/run/ERR133/ERR13337864/RAL763_2.fastq.gz	ftp.sra.ebi.ac.uk/vol1/err/ERR133/064/ERR13337864/ERR13337864.bam
ERR13337868	PRJEB72623	SAMEA115791543	ERX12708842	1616037	milk metagenome	ftp.sra.ebi.ac.uk/vol1/fastq/ERR133/068/ERR13337868/ERR13337868_1.fastq.gz;ftp.sra.ebi.ac.uk/vol1/fastq/ERR133/068/ERR13337868/ERR13337868_2.fastq.gz	ftp.sra.ebi.ac.uk/vol1/run/ERR133/ERR13337868/RAL793_1.fastq.gz;ftp.sra.ebi.ac.uk/vol1/run/ERR133/ERR13337868/RAL793_2.fastq.gz	ftp.sra.ebi.ac.uk/vol1/err/ERR133/068/ERR13337868/ERR13337868.bam
ERR13337870	PRJEB72623	SAMEA115791545	ERX12708844	1616037	milk metagenome	ftp.sra.ebi.ac.uk/vol1/fastq/ERR133/070/ERR13337870/ERR13337870_1.fastq.gz;ftp.sra.ebi.ac.uk/vol1/fastq/ERR133/070/ERR13337870/ERR13337870_2.fastq.gz	ftp.sra.ebi.ac.uk/vol1/run/ERR133/ERR13337870/RAL795_1.fastq.gz;ftp.sra.ebi.ac.uk/vol1/run/ERR133/ERR13337870/RAL795_2.fastq.gz	ftp.sra.ebi.ac.uk/vol1/err/ERR133/070/ERR13337870/ERR13337870.bam
ERR13337871	PRJEB72623	SAMEA115791546	ERX12708845	1616037	milk metagenome	ftp.sra.ebi.ac.uk/vol1/fastq/ERR133/071/ERR13337871/ERR13337871_1.fastq.gz;ftp.sra.ebi.ac.uk/vol1/fastq/ERR133/071/ERR13337871/ERR13337871_2.fastq.gz	ftp.sra.ebi.ac.uk/vol1/run/ERR133/ERR13337871/RAL796_1.fastq.gz;ftp.sra.ebi.ac.uk/vol1/run/ERR133/ERR13337871/RAL796_2.fastq.gz	ftp.sra.ebi.ac.uk/vol1/err/ERR133/071/ERR13337871/ERR13337871.bam
ERR13337873	PRJEB72623	SAMEA115791532	ERX12708847	1616037	milk metagenome	ftp.sra.ebi.ac.uk/vol1/fastq/ERR133/073/ERR13337873/ERR13337873_1.fastq.gz;ftp.sra.ebi.ac.uk/vol1/fastq/ERR133/073/ERR13337873/ERR13337873_2.fastq.gz	ftp.sra.ebi.ac.uk/vol1/run/ERR133/ERR13337873/RAL798_1.fastq.gz;ftp.sra.ebi.ac.uk/vol1/run/ERR133/ERR13337873/RAL798_2.fastq.gz	ftp.sra.ebi.ac.uk/vol1/err/ERR133/073/ERR13337873/ERR13337873.bam
ERR13337877	PRJEB72623	SAMEA115791434	ERX12708851	1616037	milk metagenome	ftp.sra.ebi.ac.uk/vol1/fastq/ERR133/077/ERR13337877/ERR13337877_1.fastq.gz;ftp.sra.ebi.ac.uk/vol1/fastq/ERR133/077/ERR13337877/ERR13337877_2.fastq.gz	ftp.sra.ebi.ac.uk/vol1/run/ERR133/ERR13337877/RAL88_1.fastq.gz;ftp.sra.ebi.ac.uk/vol1/run/ERR133/ERR13337877/RAL88_2.fastq.gz	ftp.sra.ebi.ac.uk/vol1/err/ERR133/077/ERR13337877/ERR13337877.bam
ERR13337879	PRJEB72623	SAMEA115791436	ERX12708853	1616037	milk metagenome	ftp.sra.ebi.ac.uk/vol1/fastq/ERR133/079/ERR13337879/ERR13337879_1.fastq.gz;ftp.sra.ebi.ac.uk/vol1/fastq/ERR133/079/ERR13337879/ERR13337879_2.fastq.gz	ftp.sra.ebi.ac.uk/vol1/run/ERR133/ERR13337879/RAL90_1.fastq.gz;ftp.sra.ebi.ac.uk/vol1/run/ERR133/ERR13337879/RAL90_2.fastq.gz	ftp.sra.ebi.ac.uk/vol1/err/ERR133/079/ERR13337879/ERR13337879.bam
ERR13337883	PRJEB72623	SAMEA115791452	ERX12708857	1616037	milk metagenome	ftp.sra.ebi.ac.uk/vol1/fastq/ERR133/083/ERR13337883/ERR13337883_1.fastq.gz;ftp.sra.ebi.ac.uk/vol1/fastq/ERR133/083/ERR13337883/ERR13337883_2.fastq.gz	ftp.sra.ebi.ac.uk/vol1/run/ERR133/ERR13337883/RAL94_1.fastq.gz;ftp.sra.ebi.ac.uk/vol1/run/ERR133/ERR13337883/RAL94_2.fastq.gz	ftp.sra.ebi.ac.uk/vol1/err/ERR133/083/ERR13337883/ERR13337883.bam
ERR13337665	PRJEB72623	SAMEA115791437	ERX12708639	1616037	milk metagenome	ftp.sra.ebi.ac.uk/vol1/fastq/ERR133/065/ERR13337665/ERR13337665_1.fastq.gz;ftp.sra.ebi.ac.uk/vol1/fastq/ERR133/065/ERR13337665/ERR13337665_2.fastq.gz	ftp.sra.ebi.ac.uk/vol1/run/ERR133/ERR13337665/RAL114_1.fastq.gz;ftp.sra.ebi.ac.uk/vol1/run/ERR133/ERR13337665/RAL114_2.fastq.gz	ftp.sra.ebi.ac.uk/vol1/err/ERR133/065/ERR13337665/ERR13337665.bam
ERR13337667	PRJEB72623	SAMEA115791439	ERX12708641	1616037	milk metagenome	ftp.sra.ebi.ac.uk/vol1/fastq/ERR133/067/ERR13337667/ERR13337667_1.fastq.gz;ftp.sra.ebi.ac.uk/vol1/fastq/ERR133/067/ERR13337667/ERR13337667_2.fastq.gz	ftp.sra.ebi.ac.uk/vol1/run/ERR133/ERR13337667/RAL116_1.fastq.gz;ftp.sra.ebi.ac.uk/vol1/run/ERR133/ERR13337667/RAL116_2.fastq.gz	ftp.sra.ebi.ac.uk/vol1/err/ERR133/067/ERR13337667/ERR13337667.bam
ERR13337670	PRJEB72623	SAMEA115791508	ERX12708644	1616037	milk metagenome	ftp.sra.ebi.ac.uk/vol1/fastq/ERR133/070/ERR13337670/ERR13337670_1.fastq.gz;ftp.sra.ebi.ac.uk/vol1/fastq/ERR133/070/ERR13337670/ERR13337670_2.fastq.gz	ftp.sra.ebi.ac.uk/vol1/run/ERR133/ERR13337670/RAL130_1.fastq.gz;ftp.sra.ebi.ac.uk/vol1/run/ERR133/ERR13337670/RAL130_2.fastq.gz	ftp.sra.ebi.ac.uk/vol1/err/ERR133/070/ERR13337670/ERR13337670.bam
ERR13337671	PRJEB72623	SAMEA115791509	ERX12708645	1616037	milk metagenome	ftp.sra.ebi.ac.uk/vol1/fastq/ERR133/071/ERR13337671/ERR13337671_1.fastq.gz;ftp.sra.ebi.ac.uk/vol1/fastq/ERR133/071/ERR13337671/ERR13337671_2.fastq.gz	ftp.sra.ebi.ac.uk/vol1/run/ERR133/ERR13337671/RAL131_1.fastq.gz;ftp.sra.ebi.ac.uk/vol1/run/ERR133/ERR13337671/RAL131_2.fastq.gz	ftp.sra.ebi.ac.uk/vol1/err/ERR133/071/ERR13337671/ERR13337671.bam
ERR13337672	PRJEB72623	SAMEA115791510	ERX12708646	1616037	milk metagenome	ftp.sra.ebi.ac.uk/vol1/fastq/ERR133/072/ERR13337672/ERR13337672_1.fastq.gz;ftp.sra.ebi.ac.uk/vol1/fastq/ERR133/072/ERR13337672/ERR13337672_2.fastq.gz	ftp.sra.ebi.ac.uk/vol1/run/ERR133/ERR13337672/RAL132_1.fastq.gz;ftp.sra.ebi.ac.uk/vol1/run/ERR133/ERR13337672/RAL132_2.fastq.gz	ftp.sra.ebi.ac.uk/vol1/err/ERR133/072/ERR13337672/ERR13337672.bam
ERR13337675	PRJEB72623	SAMEA115791479	ERX12708649	1616037	milk metagenome	ftp.sra.ebi.ac.uk/vol1/fastq/ERR133/075/ERR13337675/ERR13337675_1.fastq.gz;ftp.sra.ebi.ac.uk/vol1/fastq/ERR133/075/ERR13337675/ERR13337675_2.fastq.gz	ftp.sra.ebi.ac.uk/vol1/run/ERR133/ERR13337675/RAL135_1.fastq.gz;ftp.sra.ebi.ac.uk/vol1/run/ERR133/ERR13337675/RAL135_2.fastq.gz	ftp.sra.ebi.ac.uk/vol1/err/ERR133/075/ERR13337675/ERR13337675.bam
ERR13337676	PRJEB72623	SAMEA115791480	ERX12708650	1616037	milk metagenome	ftp.sra.ebi.ac.uk/vol1/fastq/ERR133/076/ERR13337676/ERR13337676_1.fastq.gz;ftp.sra.ebi.ac.uk/vol1/fastq/ERR133/076/ERR13337676/ERR13337676_2.fastq.gz	ftp.sra.ebi.ac.uk/vol1/run/ERR133/ERR13337676/RAL136_1.fastq.gz;ftp.sra.ebi.ac.uk/vol1/run/ERR133/ERR13337676/RAL136_2.fastq.gz	ftp.sra.ebi.ac.uk/vol1/err/ERR133/076/ERR13337676/ERR13337676.bam
ERR13337678	PRJEB72623	SAMEA115791501	ERX12708652	1616037	milk metagenome	ftp.sra.ebi.ac.uk/vol1/fastq/ERR133/078/ERR13337678/ERR13337678_1.fastq.gz;ftp.sra.ebi.ac.uk/vol1/fastq/ERR133/078/ERR13337678/ERR13337678_2.fastq.gz	ftp.sra.ebi.ac.uk/vol1/run/ERR133/ERR13337678/RAL139_1.fastq.gz;ftp.sra.ebi.ac.uk/vol1/run/ERR133/ERR13337678/RAL139_2.fastq.gz	ftp.sra.ebi.ac.uk/vol1/err/ERR133/078/ERR13337678/ERR13337678.bam
ERR13337683	PRJEB72623	SAMEA115791476	ERX12708657	1616037	milk metagenome	ftp.sra.ebi.ac.uk/vol1/fastq/ERR133/083/ERR13337683/ERR13337683_1.fastq.gz;ftp.sra.ebi.ac.uk/vol1/fastq/ERR133/083/ERR13337683/ERR13337683_2.fastq.gz	ftp.sra.ebi.ac.uk/vol1/run/ERR133/ERR13337683/RAL158_1.fastq.gz;ftp.sra.ebi.ac.uk/vol1/run/ERR133/ERR13337683/RAL158_2.fastq.gz	ftp.sra.ebi.ac.uk/vol1/err/ERR133/083/ERR13337683/ERR13337683.bam
ERR13337686	PRJEB72623	SAMEA115791458	ERX12708660	1616037	milk metagenome	ftp.sra.ebi.ac.uk/vol1/fastq/ERR133/086/ERR13337686/ERR13337686_1.fastq.gz;ftp.sra.ebi.ac.uk/vol1/fastq/ERR133/086/ERR13337686/ERR13337686_2.fastq.gz	ftp.sra.ebi.ac.uk/vol1/run/ERR133/ERR13337686/RAL160_1.fastq.gz;ftp.sra.ebi.ac.uk/vol1/run/ERR133/ERR13337686/RAL160_2.fastq.gz	ftp.sra.ebi.ac.uk/vol1/err/ERR133/086/ERR13337686/ERR13337686.bam
ERR13337688	PRJEB72623	SAMEA115791460	ERX12708662	1616037	milk metagenome	ftp.sra.ebi.ac.uk/vol1/fastq/ERR133/088/ERR13337688/ERR13337688_1.fastq.gz;ftp.sra.ebi.ac.uk/vol1/fastq/ERR133/088/ERR13337688/ERR13337688_2.fastq.gz	ftp.sra.ebi.ac.uk/vol1/run/ERR133/ERR13337688/RAL162_1.fastq.gz;ftp.sra.ebi.ac.uk/vol1/run/ERR133/ERR13337688/RAL162_2.fastq.gz	ftp.sra.ebi.ac.uk/vol1/err/ERR133/088/ERR13337688/ERR13337688.bam
ERR13337691	PRJEB72623	SAMEA115791521	ERX12708665	1616037	milk metagenome	ftp.sra.ebi.ac.uk/vol1/fastq/ERR133/091/ERR13337691/ERR13337691_1.fastq.gz;ftp.sra.ebi.ac.uk/vol1/fastq/ERR133/091/ERR13337691/ERR13337691_2.fastq.gz	ftp.sra.ebi.ac.uk/vol1/run/ERR133/ERR13337691/RAL165_1.fastq.gz;ftp.sra.ebi.ac.uk/vol1/run/ERR133/ERR13337691/RAL165_2.fastq.gz	ftp.sra.ebi.ac.uk/vol1/err/ERR133/091/ERR13337691/ERR13337691.bam
ERR13337693	PRJEB72623	SAMEA115791454	ERX12708667	1616037	milk metagenome	ftp.sra.ebi.ac.uk/vol1/fastq/ERR133/093/ERR13337693/ERR13337693_1.fastq.gz;ftp.sra.ebi.ac.uk/vol1/fastq/ERR133/093/ERR13337693/ERR13337693_2.fastq.gz	ftp.sra.ebi.ac.uk/vol1/run/ERR133/ERR13337693/RAL16_1.fastq.gz;ftp.sra.ebi.ac.uk/vol1/run/ERR133/ERR13337693/RAL16_2.fastq.gz	ftp.sra.ebi.ac.uk/vol1/err/ERR133/093/ERR13337693/ERR13337693.bam
ERR13337698	PRJEB72623	SAMEA115791506	ERX12708672	1616037	milk metagenome	ftp.sra.ebi.ac.uk/vol1/fastq/ERR133/098/ERR13337698/ERR13337698_1.fastq.gz;ftp.sra.ebi.ac.uk/vol1/fastq/ERR133/098/ERR13337698/ERR13337698_2.fastq.gz	ftp.sra.ebi.ac.uk/vol1/run/ERR133/ERR13337698/RAL186_1.fastq.gz;ftp.sra.ebi.ac.uk/vol1/run/ERR133/ERR13337698/RAL186_2.fastq.gz	ftp.sra.ebi.ac.uk/vol1/err/ERR133/098/ERR13337698/ERR13337698.bam
ERR13337702	PRJEB72623	SAMEA115791517	ERX12708676	1616037	milk metagenome	ftp.sra.ebi.ac.uk/vol1/fastq/ERR133/002/ERR13337702/ERR13337702_1.fastq.gz;ftp.sra.ebi.ac.uk/vol1/fastq/ERR133/002/ERR13337702/ERR13337702_2.fastq.gz	ftp.sra.ebi.ac.uk/vol1/run/ERR133/ERR13337702/RAL198_1.fastq.gz;ftp.sra.ebi.ac.uk/vol1/run/ERR133/ERR13337702/RAL198_2.fastq.gz	ftp.sra.ebi.ac.uk/vol1/err/ERR133/002/ERR13337702/ERR13337702.bam
ERR13337714	PRJEB72623	SAMEA115791462	ERX12708688	1616037	milk metagenome	ftp.sra.ebi.ac.uk/vol1/fastq/ERR133/014/ERR13337714/ERR13337714_1.fastq.gz;ftp.sra.ebi.ac.uk/vol1/fastq/ERR133/014/ERR13337714/ERR13337714_2.fastq.gz	ftp.sra.ebi.ac.uk/vol1/run/ERR133/ERR13337714/RAL230_1.fastq.gz;ftp.sra.ebi.ac.uk/vol1/run/ERR133/ERR13337714/RAL230_2.fastq.gz	ftp.sra.ebi.ac.uk/vol1/err/ERR133/014/ERR13337714/ERR13337714.bam
ERR13337715	PRJEB72623	SAMEA115791463	ERX12708689	1616037	milk metagenome	ftp.sra.ebi.ac.uk/vol1/fastq/ERR133/015/ERR13337715/ERR13337715_1.fastq.gz;ftp.sra.ebi.ac.uk/vol1/fastq/ERR133/015/ERR13337715/ERR13337715_2.fastq.gz	ftp.sra.ebi.ac.uk/vol1/run/ERR133/ERR13337715/RAL231_1.fastq.gz;ftp.sra.ebi.ac.uk/vol1/run/ERR133/ERR13337715/RAL231_2.fastq.gz	ftp.sra.ebi.ac.uk/vol1/err/ERR133/015/ERR13337715/ERR13337715.bam
ERR13337717	PRJEB72623	SAMEA115791441	ERX12708691	1616037	milk metagenome	ftp.sra.ebi.ac.uk/vol1/fastq/ERR133/017/ERR13337717/ERR13337717_1.fastq.gz;ftp.sra.ebi.ac.uk/vol1/fastq/ERR133/017/ERR13337717/ERR13337717_2.fastq.gz	ftp.sra.ebi.ac.uk/vol1/run/ERR133/ERR13337717/RAL23_1.fastq.gz;ftp.sra.ebi.ac.uk/vol1/run/ERR133/ERR13337717/RAL23_2.fastq.gz	ftp.sra.ebi.ac.uk/vol1/err/ERR133/017/ERR13337717/ERR13337717.bam
ERR13337718	PRJEB72623	SAMEA115791442	ERX12708692	1616037	milk metagenome	ftp.sra.ebi.ac.uk/vol1/fastq/ERR133/018/ERR13337718/ERR13337718_1.fastq.gz;ftp.sra.ebi.ac.uk/vol1/fastq/ERR133/018/ERR13337718/ERR13337718_2.fastq.gz	ftp.sra.ebi.ac.uk/vol1/run/ERR133/ERR13337718/RAL24_1.fastq.gz;ftp.sra.ebi.ac.uk/vol1/run/ERR133/ERR13337718/RAL24_2.fastq.gz	ftp.sra.ebi.ac.uk/vol1/err/ERR133/018/ERR13337718/ERR13337718.bam
ERR13337720	PRJEB72623	SAMEA115791486	ERX12708694	1616037	milk metagenome	ftp.sra.ebi.ac.uk/vol1/fastq/ERR133/020/ERR13337720/ERR13337720_1.fastq.gz;ftp.sra.ebi.ac.uk/vol1/fastq/ERR133/020/ERR13337720/ERR13337720_2.fastq.gz	ftp.sra.ebi.ac.uk/vol1/run/ERR133/ERR13337720/RAL258_1.fastq.gz;ftp.sra.ebi.ac.uk/vol1/run/ERR133/ERR13337720/RAL258_2.fastq.gz	ftp.sra.ebi.ac.uk/vol1/err/ERR133/020/ERR13337720/ERR13337720.bam
ERR13337725	PRJEB72623	SAMEA115791496	ERX12708699	1616037	milk metagenome	ftp.sra.ebi.ac.uk/vol1/fastq/ERR133/025/ERR13337725/ERR13337725_1.fastq.gz;ftp.sra.ebi.ac.uk/vol1/fastq/ERR133/025/ERR13337725/ERR13337725_2.fastq.gz	ftp.sra.ebi.ac.uk/vol1/run/ERR133/ERR13337725/RAL277_1.fastq.gz;ftp.sra.ebi.ac.uk/vol1/run/ERR133/ERR13337725/RAL277_2.fastq.gz	ftp.sra.ebi.ac.uk/vol1/err/ERR133/025/ERR13337725/ERR13337725.bam
ERR13337727	PRJEB72623	SAMEA115791498	ERX12708701	1616037	milk metagenome	ftp.sra.ebi.ac.uk/vol1/fastq/ERR133/027/ERR13337727/ERR13337727_1.fastq.gz;ftp.sra.ebi.ac.uk/vol1/fastq/ERR133/027/ERR13337727/ERR13337727_2.fastq.gz	ftp.sra.ebi.ac.uk/vol1/run/ERR133/ERR13337727/RAL279_1.fastq.gz;ftp.sra.ebi.ac.uk/vol1/run/ERR133/ERR13337727/RAL279_2.fastq.gz	ftp.sra.ebi.ac.uk/vol1/err/ERR133/027/ERR13337727/ERR13337727.bam
ERR13337731	PRJEB72623	SAMEA115791482	ERX12708705	1616037	milk metagenome	ftp.sra.ebi.ac.uk/vol1/fastq/ERR133/031/ERR13337731/ERR13337731_1.fastq.gz;ftp.sra.ebi.ac.uk/vol1/fastq/ERR133/031/ERR13337731/ERR13337731_2.fastq.gz	ftp.sra.ebi.ac.uk/vol1/run/ERR133/ERR13337731/RAL303_1.fastq.gz;ftp.sra.ebi.ac.uk/vol1/run/ERR133/ERR13337731/RAL303_2.fastq.gz	ftp.sra.ebi.ac.uk/vol1/err/ERR133/031/ERR13337731/ERR13337731.bam
ERR13337734	PRJEB72623	SAMEA115791489	ERX12708708	1616037	milk metagenome	ftp.sra.ebi.ac.uk/vol1/fastq/ERR133/034/ERR13337734/ERR13337734_1.fastq.gz;ftp.sra.ebi.ac.uk/vol1/fastq/ERR133/034/ERR13337734/ERR13337734_2.fastq.gz	ftp.sra.ebi.ac.uk/vol1/run/ERR133/ERR13337734/RAL306_1.fastq.gz;ftp.sra.ebi.ac.uk/vol1/run/ERR133/ERR13337734/RAL306_2.fastq.gz	ftp.sra.ebi.ac.uk/vol1/err/ERR133/034/ERR13337734/ERR13337734.bam
ERR13337739	PRJEB72623	SAMEA115791470	ERX12708713	1616037	milk metagenome	ftp.sra.ebi.ac.uk/vol1/fastq/ERR133/039/ERR13337739/ERR13337739_1.fastq.gz;ftp.sra.ebi.ac.uk/vol1/fastq/ERR133/039/ERR13337739/ERR13337739_2.fastq.gz	ftp.sra.ebi.ac.uk/vol1/run/ERR133/ERR13337739/RAL315_1.fastq.gz;ftp.sra.ebi.ac.uk/vol1/run/ERR133/ERR13337739/RAL315_2.fastq.gz	ftp.sra.ebi.ac.uk/vol1/err/ERR133/039/ERR13337739/ERR13337739.bam
ERR13337742	PRJEB72623	SAMEA115791493	ERX12708716	1616037	milk metagenome	ftp.sra.ebi.ac.uk/vol1/fastq/ERR133/042/ERR13337742/ERR13337742_1.fastq.gz;ftp.sra.ebi.ac.uk/vol1/fastq/ERR133/042/ERR13337742/ERR13337742_2.fastq.gz	ftp.sra.ebi.ac.uk/vol1/run/ERR133/ERR13337742/RAL318_1.fastq.gz;ftp.sra.ebi.ac.uk/vol1/run/ERR133/ERR13337742/RAL318_2.fastq.gz	ftp.sra.ebi.ac.uk/vol1/err/ERR133/042/ERR13337742/ERR13337742.bam
ERR13337752	PRJEB72623	SAMEA115791393	ERX12708726	1616037	milk metagenome	ftp.sra.ebi.ac.uk/vol1/fastq/ERR133/052/ERR13337752/ERR13337752_1.fastq.gz;ftp.sra.ebi.ac.uk/vol1/fastq/ERR133/052/ERR13337752/ERR13337752_2.fastq.gz	ftp.sra.ebi.ac.uk/vol1/run/ERR133/ERR13337752/RAL388_1.fastq.gz;ftp.sra.ebi.ac.uk/vol1/run/ERR133/ERR13337752/RAL388_2.fastq.gz	ftp.sra.ebi.ac.uk/vol1/err/ERR133/052/ERR13337752/ERR13337752.bam
ERR13337753	PRJEB72623	SAMEA115791427	ERX12708727	1616037	milk metagenome	ftp.sra.ebi.ac.uk/vol1/fastq/ERR133/053/ERR13337753/ERR13337753_1.fastq.gz;ftp.sra.ebi.ac.uk/vol1/fastq/ERR133/053/ERR13337753/ERR13337753_2.fastq.gz	ftp.sra.ebi.ac.uk/vol1/run/ERR133/ERR13337753/RAL3_1.fastq.gz;ftp.sra.ebi.ac.uk/vol1/run/ERR133/ERR13337753/RAL3_2.fastq.gz	ftp.sra.ebi.ac.uk/vol1/err/ERR133/053/ERR13337753/ERR13337753.bam
ERR13337755	PRJEB72623	SAMEA115791395	ERX12708729	1616037	milk metagenome	ftp.sra.ebi.ac.uk/vol1/fastq/ERR133/055/ERR13337755/ERR13337755_1.fastq.gz;ftp.sra.ebi.ac.uk/vol1/fastq/ERR133/055/ERR13337755/ERR13337755_2.fastq.gz	ftp.sra.ebi.ac.uk/vol1/run/ERR133/ERR13337755/RAL405_1.fastq.gz;ftp.sra.ebi.ac.uk/vol1/run/ERR133/ERR13337755/RAL405_2.fastq.gz	ftp.sra.ebi.ac.uk/vol1/err/ERR133/055/ERR13337755/ERR13337755.bam
ERR13337758	PRJEB72623	SAMEA115791413	ERX12708732	1616037	milk metagenome	ftp.sra.ebi.ac.uk/vol1/fastq/ERR133/058/ERR13337758/ERR13337758_1.fastq.gz;ftp.sra.ebi.ac.uk/vol1/fastq/ERR133/058/ERR13337758/ERR13337758_2.fastq.gz	ftp.sra.ebi.ac.uk/vol1/run/ERR133/ERR13337758/RAL422_1.fastq.gz;ftp.sra.ebi.ac.uk/vol1/run/ERR133/ERR13337758/RAL422_2.fastq.gz	ftp.sra.ebi.ac.uk/vol1/err/ERR133/058/ERR13337758/ERR13337758.bam
ERR13337760	PRJEB72623	SAMEA115791415	ERX12708734	1616037	milk metagenome	ftp.sra.ebi.ac.uk/vol1/fastq/ERR133/060/ERR13337760/ERR13337760_1.fastq.gz;ftp.sra.ebi.ac.uk/vol1/fastq/ERR133/060/ERR13337760/ERR13337760_2.fastq.gz	ftp.sra.ebi.ac.uk/vol1/run/ERR133/ERR13337760/RAL424_1.fastq.gz;ftp.sra.ebi.ac.uk/vol1/run/ERR133/ERR13337760/RAL424_2.fastq.gz	ftp.sra.ebi.ac.uk/vol1/err/ERR133/060/ERR13337760/ERR13337760.bam
ERR13337766	PRJEB72623	SAMEA115791398	ERX12708740	1616037	milk metagenome	ftp.sra.ebi.ac.uk/vol1/fastq/ERR133/066/ERR13337766/ERR13337766_1.fastq.gz;ftp.sra.ebi.ac.uk/vol1/fastq/ERR133/066/ERR13337766/ERR13337766_2.fastq.gz	ftp.sra.ebi.ac.uk/vol1/run/ERR133/ERR13337766/RAL438_1.fastq.gz;ftp.sra.ebi.ac.uk/vol1/run/ERR133/ERR13337766/RAL438_2.fastq.gz	ftp.sra.ebi.ac.uk/vol1/err/ERR133/066/ERR13337766/ERR13337766.bam
ERR13337767	PRJEB72623	SAMEA115791399	ERX12708741	1616037	milk metagenome	ftp.sra.ebi.ac.uk/vol1/fastq/ERR133/067/ERR13337767/ERR13337767_1.fastq.gz;ftp.sra.ebi.ac.uk/vol1/fastq/ERR133/067/ERR13337767/ERR13337767_2.fastq.gz	ftp.sra.ebi.ac.uk/vol1/run/ERR133/ERR13337767/RAL439_1.fastq.gz;ftp.sra.ebi.ac.uk/vol1/run/ERR133/ERR13337767/RAL439_2.fastq.gz	ftp.sra.ebi.ac.uk/vol1/err/ERR133/067/ERR13337767/ERR13337767.bam
ERR13337770	PRJEB72623	SAMEA115791422	ERX12708744	1616037	milk metagenome	ftp.sra.ebi.ac.uk/vol1/fastq/ERR133/070/ERR13337770/ERR13337770_1.fastq.gz;ftp.sra.ebi.ac.uk/vol1/fastq/ERR133/070/ERR13337770/ERR13337770_2.fastq.gz	ftp.sra.ebi.ac.uk/vol1/run/ERR133/ERR13337770/RAL457_1.fastq.gz;ftp.sra.ebi.ac.uk/vol1/run/ERR133/ERR13337770/RAL457_2.fastq.gz	ftp.sra.ebi.ac.uk/vol1/err/ERR133/070/ERR13337770/ERR13337770.bam
ERR13337772	PRJEB72623	SAMEA115791424	ERX12708746	1616037	milk metagenome	ftp.sra.ebi.ac.uk/vol1/fastq/ERR133/072/ERR13337772/ERR13337772_1.fastq.gz;ftp.sra.ebi.ac.uk/vol1/fastq/ERR133/072/ERR13337772/ERR13337772_2.fastq.gz	ftp.sra.ebi.ac.uk/vol1/run/ERR133/ERR13337772/RAL459_1.fastq.gz;ftp.sra.ebi.ac.uk/vol1/run/ERR133/ERR13337772/RAL459_2.fastq.gz	ftp.sra.ebi.ac.uk/vol1/err/ERR133/072/ERR13337772/ERR13337772.bam
ERR13337780	PRJEB72623	SAMEA115791420	ERX12708754	1616037	milk metagenome	ftp.sra.ebi.ac.uk/vol1/fastq/ERR133/080/ERR13337780/ERR13337780_1.fastq.gz;ftp.sra.ebi.ac.uk/vol1/fastq/ERR133/080/ERR13337780/ERR13337780_2.fastq.gz	ftp.sra.ebi.ac.uk/vol1/run/ERR133/ERR13337780/RAL467_1.fastq.gz;ftp.sra.ebi.ac.uk/vol1/run/ERR133/ERR13337780/RAL467_2.fastq.gz	ftp.sra.ebi.ac.uk/vol1/err/ERR133/080/ERR13337780/ERR13337780.bam
ERR13337784	PRJEB72623	SAMEA115791408	ERX12708758	1616037	milk metagenome	ftp.sra.ebi.ac.uk/vol1/fastq/ERR133/084/ERR13337784/ERR13337784_1.fastq.gz;ftp.sra.ebi.ac.uk/vol1/fastq/ERR133/084/ERR13337784/ERR13337784_2.fastq.gz	ftp.sra.ebi.ac.uk/vol1/run/ERR133/ERR13337784/RAL471_1.fastq.gz;ftp.sra.ebi.ac.uk/vol1/run/ERR133/ERR13337784/RAL471_2.fastq.gz	ftp.sra.ebi.ac.uk/vol1/err/ERR133/084/ERR13337784/ERR13337784.bam
ERR13337789	PRJEB72623	SAMEA115791409	ERX12708763	1616037	milk metagenome	ftp.sra.ebi.ac.uk/vol1/fastq/ERR133/089/ERR13337789/ERR13337789_1.fastq.gz;ftp.sra.ebi.ac.uk/vol1/fastq/ERR133/089/ERR13337789/ERR13337789_2.fastq.gz	ftp.sra.ebi.ac.uk/vol1/run/ERR133/ERR13337789/RAL493_1.fastq.gz;ftp.sra.ebi.ac.uk/vol1/run/ERR133/ERR13337789/RAL493_2.fastq.gz	ftp.sra.ebi.ac.uk/vol1/err/ERR133/089/ERR13337789/ERR13337789.bam
ERR13337790	PRJEB72623	SAMEA115791410	ERX12708764	1616037	milk metagenome	ftp.sra.ebi.ac.uk/vol1/fastq/ERR133/090/ERR13337790/ERR13337790_1.fastq.gz;ftp.sra.ebi.ac.uk/vol1/fastq/ERR133/090/ERR13337790/ERR13337790_2.fastq.gz	ftp.sra.ebi.ac.uk/vol1/run/ERR133/ERR13337790/RAL494_1.fastq.gz;ftp.sra.ebi.ac.uk/vol1/run/ERR133/ERR13337790/RAL494_2.fastq.gz	ftp.sra.ebi.ac.uk/vol1/err/ERR133/090/ERR13337790/ERR13337790.bam
ERR13337792	PRJEB72623	SAMEA115791412	ERX12708766	1616037	milk metagenome	ftp.sra.ebi.ac.uk/vol1/fastq/ERR133/092/ERR13337792/ERR13337792_1.fastq.gz;ftp.sra.ebi.ac.uk/vol1/fastq/ERR133/092/ERR13337792/ERR13337792_2.fastq.gz	ftp.sra.ebi.ac.uk/vol1/run/ERR133/ERR13337792/RAL496_1.fastq.gz;ftp.sra.ebi.ac.uk/vol1/run/ERR133/ERR13337792/RAL496_2.fastq.gz	ftp.sra.ebi.ac.uk/vol1/err/ERR133/092/ERR13337792/ERR13337792.bam
ERR13337793	PRJEB72623	SAMEA115791428	ERX12708767	1616037	milk metagenome	ftp.sra.ebi.ac.uk/vol1/fastq/ERR133/093/ERR13337793/ERR13337793_1.fastq.gz;ftp.sra.ebi.ac.uk/vol1/fastq/ERR133/093/ERR13337793/ERR13337793_2.fastq.gz	ftp.sra.ebi.ac.uk/vol1/run/ERR133/ERR13337793/RAL4_1.fastq.gz;ftp.sra.ebi.ac.uk/vol1/run/ERR133/ERR13337793/RAL4_2.fastq.gz	ftp.sra.ebi.ac.uk/vol1/err/ERR133/093/ERR13337793/ERR13337793.bam
ERR13337798	PRJEB72623	SAMEA115791358	ERX12708772	1616037	milk metagenome	ftp.sra.ebi.ac.uk/vol1/fastq/ERR133/098/ERR13337798/ERR13337798_1.fastq.gz;ftp.sra.ebi.ac.uk/vol1/fastq/ERR133/098/ERR13337798/ERR13337798_2.fastq.gz	ftp.sra.ebi.ac.uk/vol1/run/ERR133/ERR13337798/RAL510_1.fastq.gz;ftp.sra.ebi.ac.uk/vol1/run/ERR133/ERR13337798/RAL510_2.fastq.gz	ftp.sra.ebi.ac.uk/vol1/err/ERR133/098/ERR13337798/ERR13337798.bam
ERR13337803	PRJEB72623	SAMEA115791367	ERX12708777	1616037	milk metagenome	ftp.sra.ebi.ac.uk/vol1/fastq/ERR133/003/ERR13337803/ERR13337803_1.fastq.gz;ftp.sra.ebi.ac.uk/vol1/fastq/ERR133/003/ERR13337803/ERR13337803_2.fastq.gz	ftp.sra.ebi.ac.uk/vol1/run/ERR133/ERR13337803/RAL515_1.fastq.gz;ftp.sra.ebi.ac.uk/vol1/run/ERR133/ERR13337803/RAL515_2.fastq.gz	ftp.sra.ebi.ac.uk/vol1/err/ERR133/003/ERR13337803/ERR13337803.bam
ERR13337809	PRJEB72623	SAMEA115791344	ERX12708783	1616037	milk metagenome	ftp.sra.ebi.ac.uk/vol1/fastq/ERR133/009/ERR13337809/ERR13337809_1.fastq.gz;ftp.sra.ebi.ac.uk/vol1/fastq/ERR133/009/ERR13337809/ERR13337809_2.fastq.gz	ftp.sra.ebi.ac.uk/vol1/run/ERR133/ERR13337809/RAL520_1.fastq.gz;ftp.sra.ebi.ac.uk/vol1/run/ERR133/ERR13337809/RAL520_2.fastq.gz	ftp.sra.ebi.ac.uk/vol1/err/ERR133/009/ERR13337809/ERR13337809.bam
ERR13337810	PRJEB72623	SAMEA115791345	ERX12708784	1616037	milk metagenome	ftp.sra.ebi.ac.uk/vol1/fastq/ERR133/010/ERR13337810/ERR13337810_1.fastq.gz;ftp.sra.ebi.ac.uk/vol1/fastq/ERR133/010/ERR13337810/ERR13337810_2.fastq.gz	ftp.sra.ebi.ac.uk/vol1/run/ERR133/ERR13337810/RAL521_1.fastq.gz;ftp.sra.ebi.ac.uk/vol1/run/ERR133/ERR13337810/RAL521_2.fastq.gz	ftp.sra.ebi.ac.uk/vol1/err/ERR133/010/ERR13337810/ERR13337810.bam
ERR13337811	PRJEB72623	SAMEA115791350	ERX12708785	1616037	milk metagenome	ftp.sra.ebi.ac.uk/vol1/fastq/ERR133/011/ERR13337811/ERR13337811_1.fastq.gz;ftp.sra.ebi.ac.uk/vol1/fastq/ERR133/011/ERR13337811/ERR13337811_2.fastq.gz	ftp.sra.ebi.ac.uk/vol1/run/ERR133/ERR13337811/RAL522_1.fastq.gz;ftp.sra.ebi.ac.uk/vol1/run/ERR133/ERR13337811/RAL522_2.fastq.gz	ftp.sra.ebi.ac.uk/vol1/err/ERR133/011/ERR13337811/ERR13337811.bam
ERR13337816	PRJEB72623	SAMEA115791379	ERX12708790	1616037	milk metagenome	ftp.sra.ebi.ac.uk/vol1/fastq/ERR133/016/ERR13337816/ERR13337816_1.fastq.gz;ftp.sra.ebi.ac.uk/vol1/fastq/ERR133/016/ERR13337816/ERR13337816_2.fastq.gz	ftp.sra.ebi.ac.uk/vol1/run/ERR133/ERR13337816/RAL527_1.fastq.gz;ftp.sra.ebi.ac.uk/vol1/run/ERR133/ERR13337816/RAL527_2.fastq.gz	ftp.sra.ebi.ac.uk/vol1/err/ERR133/016/ERR13337816/ERR13337816.bam
ERR13337819	PRJEB72623	SAMEA115791446	ERX12708793	1616037	milk metagenome	ftp.sra.ebi.ac.uk/vol1/fastq/ERR133/019/ERR13337819/ERR13337819_1.fastq.gz;ftp.sra.ebi.ac.uk/vol1/fastq/ERR133/019/ERR13337819/ERR13337819_2.fastq.gz	ftp.sra.ebi.ac.uk/vol1/run/ERR133/ERR13337819/RAL52_1.fastq.gz;ftp.sra.ebi.ac.uk/vol1/run/ERR133/ERR13337819/RAL52_2.fastq.gz	ftp.sra.ebi.ac.uk/vol1/err/ERR133/019/ERR13337819/ERR13337819.bam
ERR13337821	PRJEB72623	SAMEA115791355	ERX12708795	1616037	milk metagenome	ftp.sra.ebi.ac.uk/vol1/fastq/ERR133/021/ERR13337821/ERR13337821_1.fastq.gz;ftp.sra.ebi.ac.uk/vol1/fastq/ERR133/021/ERR13337821/ERR13337821_2.fastq.gz	ftp.sra.ebi.ac.uk/vol1/run/ERR133/ERR13337821/RAL535_1.fastq.gz;ftp.sra.ebi.ac.uk/vol1/run/ERR133/ERR13337821/RAL535_2.fastq.gz	ftp.sra.ebi.ac.uk/vol1/err/ERR133/021/ERR13337821/ERR13337821.bam
ERR13337822	PRJEB72623	SAMEA115791356	ERX12708796	1616037	milk metagenome	ftp.sra.ebi.ac.uk/vol1/fastq/ERR133/022/ERR13337822/ERR13337822_1.fastq.gz;ftp.sra.ebi.ac.uk/vol1/fastq/ERR133/022/ERR13337822/ERR13337822_2.fastq.gz	ftp.sra.ebi.ac.uk/vol1/run/ERR133/ERR13337822/RAL536_1.fastq.gz;ftp.sra.ebi.ac.uk/vol1/run/ERR133/ERR13337822/RAL536_2.fastq.gz	ftp.sra.ebi.ac.uk/vol1/err/ERR133/022/ERR13337822/ERR13337822.bam
ERR13337823	PRJEB72623	SAMEA115791357	ERX12708797	1616037	milk metagenome	ftp.sra.ebi.ac.uk/vol1/fastq/ERR133/023/ERR13337823/ERR13337823_1.fastq.gz;ftp.sra.ebi.ac.uk/vol1/fastq/ERR133/023/ERR13337823/ERR13337823_2.fastq.gz	ftp.sra.ebi.ac.uk/vol1/run/ERR133/ERR13337823/RAL537_1.fastq.gz;ftp.sra.ebi.ac.uk/vol1/run/ERR133/ERR13337823/RAL537_2.fastq.gz	ftp.sra.ebi.ac.uk/vol1/err/ERR133/023/ERR13337823/ERR13337823.bam
ERR13337824	PRJEB72623	SAMEA115791447	ERX12708798	1616037	milk metagenome	ftp.sra.ebi.ac.uk/vol1/fastq/ERR133/024/ERR13337824/ERR13337824_1.fastq.gz;ftp.sra.ebi.ac.uk/vol1/fastq/ERR133/024/ERR13337824/ERR13337824_2.fastq.gz	ftp.sra.ebi.ac.uk/vol1/run/ERR133/ERR13337824/RAL53_1.fastq.gz;ftp.sra.ebi.ac.uk/vol1/run/ERR133/ERR13337824/RAL53_2.fastq.gz	ftp.sra.ebi.ac.uk/vol1/err/ERR133/024/ERR13337824/ERR13337824.bam
ERR13337826	PRJEB72623	SAMEA115791374	ERX12708800	1616037	milk metagenome	ftp.sra.ebi.ac.uk/vol1/fastq/ERR133/026/ERR13337826/ERR13337826_1.fastq.gz;ftp.sra.ebi.ac.uk/vol1/fastq/ERR133/026/ERR13337826/ERR13337826_2.fastq.gz	ftp.sra.ebi.ac.uk/vol1/run/ERR133/ERR13337826/RAL598_1.fastq.gz;ftp.sra.ebi.ac.uk/vol1/run/ERR133/ERR13337826/RAL598_2.fastq.gz	ftp.sra.ebi.ac.uk/vol1/err/ERR133/026/ERR13337826/ERR13337826.bam
ERR13337829	PRJEB72623	SAMEA115791377	ERX12708803	1616037	milk metagenome	ftp.sra.ebi.ac.uk/vol1/fastq/ERR133/029/ERR13337829/ERR13337829_1.fastq.gz;ftp.sra.ebi.ac.uk/vol1/fastq/ERR133/029/ERR13337829/ERR13337829_2.fastq.gz	ftp.sra.ebi.ac.uk/vol1/run/ERR133/ERR13337829/RAL601_1.fastq.gz;ftp.sra.ebi.ac.uk/vol1/run/ERR133/ERR13337829/RAL601_2.fastq.gz	ftp.sra.ebi.ac.uk/vol1/err/ERR133/029/ERR13337829/ERR13337829.bam
ERR13337831	PRJEB72623	SAMEA115791363	ERX12708805	1616037	milk metagenome	ftp.sra.ebi.ac.uk/vol1/fastq/ERR133/031/ERR13337831/ERR13337831_1.fastq.gz;ftp.sra.ebi.ac.uk/vol1/fastq/ERR133/031/ERR13337831/ERR13337831_2.fastq.gz	ftp.sra.ebi.ac.uk/vol1/run/ERR133/ERR13337831/RAL617_1.fastq.gz;ftp.sra.ebi.ac.uk/vol1/run/ERR133/ERR13337831/RAL617_2.fastq.gz	ftp.sra.ebi.ac.uk/vol1/err/ERR133/031/ERR13337831/ERR13337831.bam
ERR13337834	PRJEB72623	SAMEA115791382	ERX12708808	1616037	milk metagenome	ftp.sra.ebi.ac.uk/vol1/fastq/ERR133/034/ERR13337834/ERR13337834_1.fastq.gz;ftp.sra.ebi.ac.uk/vol1/fastq/ERR133/034/ERR13337834/ERR13337834_2.fastq.gz	ftp.sra.ebi.ac.uk/vol1/run/ERR133/ERR13337834/RAL620_1.fastq.gz;ftp.sra.ebi.ac.uk/vol1/run/ERR133/ERR13337834/RAL620_2.fastq.gz	ftp.sra.ebi.ac.uk/vol1/err/ERR133/034/ERR13337834/ERR13337834.bam
ERR13337839	PRJEB72623	SAMEA115791371	ERX12708813	1616037	milk metagenome	ftp.sra.ebi.ac.uk/vol1/fastq/ERR133/039/ERR13337839/ERR13337839_1.fastq.gz;ftp.sra.ebi.ac.uk/vol1/fastq/ERR133/039/ERR13337839/ERR13337839_2.fastq.gz	ftp.sra.ebi.ac.uk/vol1/run/ERR133/ERR13337839/RAL638_1.fastq.gz;ftp.sra.ebi.ac.uk/vol1/run/ERR133/ERR13337839/RAL638_2.fastq.gz	ftp.sra.ebi.ac.uk/vol1/err/ERR133/039/ERR13337839/ERR13337839.bam
ERR13337843	PRJEB72623	SAMEA115791339	ERX12708817	1616037	milk metagenome	ftp.sra.ebi.ac.uk/vol1/fastq/ERR133/043/ERR13337843/ERR13337843_1.fastq.gz;ftp.sra.ebi.ac.uk/vol1/fastq/ERR133/043/ERR13337843/ERR13337843_2.fastq.gz	ftp.sra.ebi.ac.uk/vol1/run/ERR133/ERR13337843/RAL647_1.fastq.gz;ftp.sra.ebi.ac.uk/vol1/run/ERR133/ERR13337843/RAL647_2.fastq.gz	ftp.sra.ebi.ac.uk/vol1/err/ERR133/043/ERR13337843/ERR13337843.bam
ERR13337844	PRJEB72623	SAMEA115791340	ERX12708818	1616037	milk metagenome	ftp.sra.ebi.ac.uk/vol1/fastq/ERR133/044/ERR13337844/ERR13337844_1.fastq.gz;ftp.sra.ebi.ac.uk/vol1/fastq/ERR133/044/ERR13337844/ERR13337844_2.fastq.gz	ftp.sra.ebi.ac.uk/vol1/run/ERR133/ERR13337844/RAL648_1.fastq.gz;ftp.sra.ebi.ac.uk/vol1/run/ERR133/ERR13337844/RAL648_2.fastq.gz	ftp.sra.ebi.ac.uk/vol1/err/ERR133/044/ERR13337844/ERR13337844.bam
ERR13337848	PRJEB72623	SAMEA115791549	ERX12708822	1616037	milk metagenome	ftp.sra.ebi.ac.uk/vol1/fastq/ERR133/048/ERR13337848/ERR13337848_1.fastq.gz;ftp.sra.ebi.ac.uk/vol1/fastq/ERR133/048/ERR13337848/ERR13337848_2.fastq.gz	ftp.sra.ebi.ac.uk/vol1/run/ERR133/ERR13337848/RAL663_1.fastq.gz;ftp.sra.ebi.ac.uk/vol1/run/ERR133/ERR13337848/RAL663_2.fastq.gz	ftp.sra.ebi.ac.uk/vol1/err/ERR133/048/ERR13337848/ERR13337848.bam
ERR13337851	PRJEB72623	SAMEA115791536	ERX12708825	1616037	milk metagenome	ftp.sra.ebi.ac.uk/vol1/fastq/ERR133/051/ERR13337851/ERR13337851_1.fastq.gz;ftp.sra.ebi.ac.uk/vol1/fastq/ERR133/051/ERR13337851/ERR13337851_2.fastq.gz	ftp.sra.ebi.ac.uk/vol1/run/ERR133/ERR13337851/RAL675_1.fastq.gz;ftp.sra.ebi.ac.uk/vol1/run/ERR133/ERR13337851/RAL675_2.fastq.gz	ftp.sra.ebi.ac.uk/vol1/err/ERR133/051/ERR13337851/ERR13337851.bam
ERR13337853	PRJEB72623	SAMEA115791538	ERX12708827	1616037	milk metagenome	ftp.sra.ebi.ac.uk/vol1/fastq/ERR133/053/ERR13337853/ERR13337853_1.fastq.gz;ftp.sra.ebi.ac.uk/vol1/fastq/ERR133/053/ERR13337853/ERR13337853_2.fastq.gz	ftp.sra.ebi.ac.uk/vol1/run/ERR133/ERR13337853/RAL677_1.fastq.gz;ftp.sra.ebi.ac.uk/vol1/run/ERR133/ERR13337853/RAL677_2.fastq.gz	ftp.sra.ebi.ac.uk/vol1/err/ERR133/053/ERR13337853/ERR13337853.bam
ERR13337856	PRJEB72623	SAMEA115791553	ERX12708830	1616037	milk metagenome	ftp.sra.ebi.ac.uk/vol1/fastq/ERR133/056/ERR13337856/ERR13337856_1.fastq.gz;ftp.sra.ebi.ac.uk/vol1/fastq/ERR133/056/ERR13337856/ERR13337856_2.fastq.gz	ftp.sra.ebi.ac.uk/vol1/run/ERR133/ERR13337856/RAL681_1.fastq.gz;ftp.sra.ebi.ac.uk/vol1/run/ERR133/ERR13337856/RAL681_2.fastq.gz	ftp.sra.ebi.ac.uk/vol1/err/ERR133/056/ERR13337856/ERR13337856.bam
ERR13337866	PRJEB72623	SAMEA115791541	ERX12708840	1616037	milk metagenome	ftp.sra.ebi.ac.uk/vol1/fastq/ERR133/066/ERR13337866/ERR13337866_1.fastq.gz;ftp.sra.ebi.ac.uk/vol1/fastq/ERR133/066/ERR13337866/ERR13337866_2.fastq.gz	ftp.sra.ebi.ac.uk/vol1/run/ERR133/ERR13337866/RAL765_1.fastq.gz;ftp.sra.ebi.ac.uk/vol1/run/ERR133/ERR13337866/RAL765_2.fastq.gz	ftp.sra.ebi.ac.uk/vol1/err/ERR133/066/ERR13337866/ERR13337866.bam
ERR13337867	PRJEB72623	SAMEA115791542	ERX12708841	1616037	milk metagenome	ftp.sra.ebi.ac.uk/vol1/fastq/ERR133/067/ERR13337867/ERR13337867_1.fastq.gz;ftp.sra.ebi.ac.uk/vol1/fastq/ERR133/067/ERR13337867/ERR13337867_2.fastq.gz	ftp.sra.ebi.ac.uk/vol1/run/ERR133/ERR13337867/RAL766_1.fastq.gz;ftp.sra.ebi.ac.uk/vol1/run/ERR133/ERR13337867/RAL766_2.fastq.gz	ftp.sra.ebi.ac.uk/vol1/err/ERR133/067/ERR13337867/ERR13337867.bam
ERR13337869	PRJEB72623	SAMEA115791544	ERX12708843	1616037	milk metagenome	ftp.sra.ebi.ac.uk/vol1/fastq/ERR133/069/ERR13337869/ERR13337869_1.fastq.gz;ftp.sra.ebi.ac.uk/vol1/fastq/ERR133/069/ERR13337869/ERR13337869_2.fastq.gz	ftp.sra.ebi.ac.uk/vol1/run/ERR133/ERR13337869/RAL794_1.fastq.gz;ftp.sra.ebi.ac.uk/vol1/run/ERR133/ERR13337869/RAL794_2.fastq.gz	ftp.sra.ebi.ac.uk/vol1/err/ERR133/069/ERR13337869/ERR13337869.bam
ERR13337872	PRJEB72623	SAMEA115791531	ERX12708846	1616037	milk metagenome	ftp.sra.ebi.ac.uk/vol1/fastq/ERR133/072/ERR13337872/ERR13337872_1.fastq.gz;ftp.sra.ebi.ac.uk/vol1/fastq/ERR133/072/ERR13337872/ERR13337872_2.fastq.gz	ftp.sra.ebi.ac.uk/vol1/run/ERR133/ERR13337872/RAL797_1.fastq.gz;ftp.sra.ebi.ac.uk/vol1/run/ERR133/ERR13337872/RAL797_2.fastq.gz	ftp.sra.ebi.ac.uk/vol1/err/ERR133/072/ERR13337872/ERR13337872.bam
ERR13337874	PRJEB72623	SAMEA115791533	ERX12708848	1616037	milk metagenome	ftp.sra.ebi.ac.uk/vol1/fastq/ERR133/074/ERR13337874/ERR13337874_1.fastq.gz;ftp.sra.ebi.ac.uk/vol1/fastq/ERR133/074/ERR13337874/ERR13337874_2.fastq.gz	ftp.sra.ebi.ac.uk/vol1/run/ERR133/ERR13337874/RAL799_1.fastq.gz;ftp.sra.ebi.ac.uk/vol1/run/ERR133/ERR13337874/RAL799_2.fastq.gz	ftp.sra.ebi.ac.uk/vol1/err/ERR133/074/ERR13337874/ERR13337874.bam
ERR13337875	PRJEB72623	SAMEA115791534	ERX12708849	1616037	milk metagenome	ftp.sra.ebi.ac.uk/vol1/fastq/ERR133/075/ERR13337875/ERR13337875_1.fastq.gz;ftp.sra.ebi.ac.uk/vol1/fastq/ERR133/075/ERR13337875/ERR13337875_2.fastq.gz	ftp.sra.ebi.ac.uk/vol1/run/ERR133/ERR13337875/RAL800_1.fastq.gz;ftp.sra.ebi.ac.uk/vol1/run/ERR133/ERR13337875/RAL800_2.fastq.gz	ftp.sra.ebi.ac.uk/vol1/err/ERR133/075/ERR13337875/ERR13337875.bam
ERR13337878	PRJEB72623	SAMEA115791435	ERX12708852	1616037	milk metagenome	ftp.sra.ebi.ac.uk/vol1/fastq/ERR133/078/ERR13337878/ERR13337878_1.fastq.gz;ftp.sra.ebi.ac.uk/vol1/fastq/ERR133/078/ERR13337878/ERR13337878_2.fastq.gz	ftp.sra.ebi.ac.uk/vol1/run/ERR133/ERR13337878/RAL89_1.fastq.gz;ftp.sra.ebi.ac.uk/vol1/run/ERR133/ERR13337878/RAL89_2.fastq.gz	ftp.sra.ebi.ac.uk/vol1/err/ERR133/078/ERR13337878/ERR13337878.bam
ERR13337880	PRJEB72623	SAMEA115791449	ERX12708854	1616037	milk metagenome	ftp.sra.ebi.ac.uk/vol1/fastq/ERR133/080/ERR13337880/ERR13337880_1.fastq.gz;ftp.sra.ebi.ac.uk/vol1/fastq/ERR133/080/ERR13337880/ERR13337880_2.fastq.gz	ftp.sra.ebi.ac.uk/vol1/run/ERR133/ERR13337880/RAL91_1.fastq.gz;ftp.sra.ebi.ac.uk/vol1/run/ERR133/ERR13337880/RAL91_2.fastq.gz	ftp.sra.ebi.ac.uk/vol1/err/ERR133/080/ERR13337880/ERR13337880.bam
ERR13337881	PRJEB72623	SAMEA115791450	ERX12708855	1616037	milk metagenome	ftp.sra.ebi.ac.uk/vol1/fastq/ERR133/081/ERR13337881/ERR13337881_1.fastq.gz;ftp.sra.ebi.ac.uk/vol1/fastq/ERR133/081/ERR13337881/ERR13337881_2.fastq.gz	ftp.sra.ebi.ac.uk/vol1/run/ERR133/ERR13337881/RAL92_1.fastq.gz;ftp.sra.ebi.ac.uk/vol1/run/ERR133/ERR13337881/RAL92_2.fastq.gz	ftp.sra.ebi.ac.uk/vol1/err/ERR133/081/ERR13337881/ERR13337881.bam
ERR13337666	PRJEB72623	SAMEA115791438	ERX12708640	1616037	milk metagenome	ftp.sra.ebi.ac.uk/vol1/fastq/ERR133/066/ERR13337666/ERR13337666_1.fastq.gz;ftp.sra.ebi.ac.uk/vol1/fastq/ERR133/066/ERR13337666/ERR13337666_2.fastq.gz	ftp.sra.ebi.ac.uk/vol1/run/ERR133/ERR13337666/RAL115_1.fastq.gz;ftp.sra.ebi.ac.uk/vol1/run/ERR133/ERR13337666/RAL115_2.fastq.gz	ftp.sra.ebi.ac.uk/vol1/err/ERR133/066/ERR13337666/ERR13337666.bam
ERR13337669	PRJEB72623	SAMEA115791507	ERX12708643	1616037	milk metagenome	ftp.sra.ebi.ac.uk/vol1/fastq/ERR133/069/ERR13337669/ERR13337669_1.fastq.gz;ftp.sra.ebi.ac.uk/vol1/fastq/ERR133/069/ERR13337669/ERR13337669_2.fastq.gz	ftp.sra.ebi.ac.uk/vol1/run/ERR133/ERR13337669/RAL129_1.fastq.gz;ftp.sra.ebi.ac.uk/vol1/run/ERR133/ERR13337669/RAL129_2.fastq.gz	ftp.sra.ebi.ac.uk/vol1/err/ERR133/069/ERR13337669/ERR13337669.bam
ERR13337673	PRJEB72623	SAMEA115791477	ERX12708647	1616037	milk metagenome	ftp.sra.ebi.ac.uk/vol1/fastq/ERR133/073/ERR13337673/ERR13337673_1.fastq.gz;ftp.sra.ebi.ac.uk/vol1/fastq/ERR133/073/ERR13337673/ERR13337673_2.fastq.gz	ftp.sra.ebi.ac.uk/vol1/run/ERR133/ERR13337673/RAL133_1.fastq.gz;ftp.sra.ebi.ac.uk/vol1/run/ERR133/ERR13337673/RAL133_2.fastq.gz	ftp.sra.ebi.ac.uk/vol1/err/ERR133/073/ERR13337673/ERR13337673.bam
ERR13337677	PRJEB72623	SAMEA115791500	ERX12708651	1616037	milk metagenome	ftp.sra.ebi.ac.uk/vol1/fastq/ERR133/077/ERR13337677/ERR13337677_1.fastq.gz;ftp.sra.ebi.ac.uk/vol1/fastq/ERR133/077/ERR13337677/ERR13337677_2.fastq.gz	ftp.sra.ebi.ac.uk/vol1/run/ERR133/ERR13337677/RAL138_1.fastq.gz;ftp.sra.ebi.ac.uk/vol1/run/ERR133/ERR13337677/RAL138_2.fastq.gz	ftp.sra.ebi.ac.uk/vol1/err/ERR133/077/ERR13337677/ERR13337677.bam
ERR13337680	PRJEB72623	SAMEA115791473	ERX12708654	1616037	milk metagenome	ftp.sra.ebi.ac.uk/vol1/fastq/ERR133/080/ERR13337680/ERR13337680_1.fastq.gz;ftp.sra.ebi.ac.uk/vol1/fastq/ERR133/080/ERR13337680/ERR13337680_2.fastq.gz	ftp.sra.ebi.ac.uk/vol1/run/ERR133/ERR13337680/RAL155_1.fastq.gz;ftp.sra.ebi.ac.uk/vol1/run/ERR133/ERR13337680/RAL155_2.fastq.gz	ftp.sra.ebi.ac.uk/vol1/err/ERR133/080/ERR13337680/ERR13337680.bam
ERR13337681	PRJEB72623	SAMEA115791474	ERX12708655	1616037	milk metagenome	ftp.sra.ebi.ac.uk/vol1/fastq/ERR133/081/ERR13337681/ERR13337681_1.fastq.gz;ftp.sra.ebi.ac.uk/vol1/fastq/ERR133/081/ERR13337681/ERR13337681_2.fastq.gz	ftp.sra.ebi.ac.uk/vol1/run/ERR133/ERR13337681/RAL156_1.fastq.gz;ftp.sra.ebi.ac.uk/vol1/run/ERR133/ERR13337681/RAL156_2.fastq.gz	ftp.sra.ebi.ac.uk/vol1/err/ERR133/081/ERR13337681/ERR13337681.bam
ERR13337682	PRJEB72623	SAMEA115791475	ERX12708656	1616037	milk metagenome	ftp.sra.ebi.ac.uk/vol1/fastq/ERR133/082/ERR13337682/ERR13337682_1.fastq.gz;ftp.sra.ebi.ac.uk/vol1/fastq/ERR133/082/ERR13337682/ERR13337682_2.fastq.gz	ftp.sra.ebi.ac.uk/vol1/run/ERR133/ERR13337682/RAL157_1.fastq.gz;ftp.sra.ebi.ac.uk/vol1/run/ERR133/ERR13337682/RAL157_2.fastq.gz	ftp.sra.ebi.ac.uk/vol1/err/ERR133/082/ERR13337682/ERR13337682.bam
ERR13337695	PRJEB72623	SAMEA115791503	ERX12708669	1616037	milk metagenome	ftp.sra.ebi.ac.uk/vol1/fastq/ERR133/095/ERR13337695/ERR13337695_1.fastq.gz;ftp.sra.ebi.ac.uk/vol1/fastq/ERR133/095/ERR13337695/ERR13337695_2.fastq.gz	ftp.sra.ebi.ac.uk/vol1/run/ERR133/ERR13337695/RAL183_1.fastq.gz;ftp.sra.ebi.ac.uk/vol1/run/ERR133/ERR13337695/RAL183_2.fastq.gz	ftp.sra.ebi.ac.uk/vol1/err/ERR133/095/ERR13337695/ERR13337695.bam
ERR13337697	PRJEB72623	SAMEA115791505	ERX12708671	1616037	milk metagenome	ftp.sra.ebi.ac.uk/vol1/fastq/ERR133/097/ERR13337697/ERR13337697_1.fastq.gz;ftp.sra.ebi.ac.uk/vol1/fastq/ERR133/097/ERR13337697/ERR13337697_2.fastq.gz	ftp.sra.ebi.ac.uk/vol1/run/ERR133/ERR13337697/RAL185_1.fastq.gz;ftp.sra.ebi.ac.uk/vol1/run/ERR133/ERR13337697/RAL185_2.fastq.gz	ftp.sra.ebi.ac.uk/vol1/err/ERR133/097/ERR13337697/ERR13337697.bam
ERR13337699	PRJEB72623	SAMEA115791456	ERX12708673	1616037	milk metagenome	ftp.sra.ebi.ac.uk/vol1/fastq/ERR133/099/ERR13337699/ERR13337699_1.fastq.gz;ftp.sra.ebi.ac.uk/vol1/fastq/ERR133/099/ERR13337699/ERR13337699_2.fastq.gz	ftp.sra.ebi.ac.uk/vol1/run/ERR133/ERR13337699/RAL18_1.fastq.gz;ftp.sra.ebi.ac.uk/vol1/run/ERR133/ERR13337699/RAL18_2.fastq.gz	ftp.sra.ebi.ac.uk/vol1/err/ERR133/099/ERR13337699/ERR13337699.bam
ERR13337700	PRJEB72623	SAMEA115791515	ERX12708674	1616037	milk metagenome	ftp.sra.ebi.ac.uk/vol1/fastq/ERR133/000/ERR13337700/ERR13337700_1.fastq.gz;ftp.sra.ebi.ac.uk/vol1/fastq/ERR133/000/ERR13337700/ERR13337700_2.fastq.gz	ftp.sra.ebi.ac.uk/vol1/run/ERR133/ERR13337700/RAL196_1.fastq.gz;ftp.sra.ebi.ac.uk/vol1/run/ERR133/ERR13337700/RAL196_2.fastq.gz	ftp.sra.ebi.ac.uk/vol1/err/ERR133/000/ERR13337700/ERR13337700.bam
ERR13337701	PRJEB72623	SAMEA115791516	ERX12708675	1616037	milk metagenome	ftp.sra.ebi.ac.uk/vol1/fastq/ERR133/001/ERR13337701/ERR13337701_1.fastq.gz;ftp.sra.ebi.ac.uk/vol1/fastq/ERR133/001/ERR13337701/ERR13337701_2.fastq.gz	ftp.sra.ebi.ac.uk/vol1/run/ERR133/ERR13337701/RAL197_1.fastq.gz;ftp.sra.ebi.ac.uk/vol1/run/ERR133/ERR13337701/RAL197_2.fastq.gz	ftp.sra.ebi.ac.uk/vol1/err/ERR133/001/ERR13337701/ERR13337701.bam
ERR13337703	PRJEB72623	SAMEA115791518	ERX12708677	1616037	milk metagenome	ftp.sra.ebi.ac.uk/vol1/fastq/ERR133/003/ERR13337703/ERR13337703_1.fastq.gz;ftp.sra.ebi.ac.uk/vol1/fastq/ERR133/003/ERR13337703/ERR13337703_2.fastq.gz	ftp.sra.ebi.ac.uk/vol1/run/ERR133/ERR13337703/RAL199_1.fastq.gz;ftp.sra.ebi.ac.uk/vol1/run/ERR133/ERR13337703/RAL199_2.fastq.gz	ftp.sra.ebi.ac.uk/vol1/err/ERR133/003/ERR13337703/ERR13337703.bam
ERR13337704	PRJEB72623	SAMEA115791425	ERX12708678	1616037	milk metagenome	ftp.sra.ebi.ac.uk/vol1/fastq/ERR133/004/ERR13337704/ERR13337704_1.fastq.gz;ftp.sra.ebi.ac.uk/vol1/fastq/ERR133/004/ERR13337704/ERR13337704_2.fastq.gz	ftp.sra.ebi.ac.uk/vol1/run/ERR133/ERR13337704/RAL1_1.fastq.gz;ftp.sra.ebi.ac.uk/vol1/run/ERR133/ERR13337704/RAL1_2.fastq.gz	ftp.sra.ebi.ac.uk/vol1/err/ERR133/004/ERR13337704/ERR13337704.bam
ERR13337705	PRJEB72623	SAMEA115791465	ERX12708679	1616037	milk metagenome	ftp.sra.ebi.ac.uk/vol1/fastq/ERR133/005/ERR13337705/ERR13337705_1.fastq.gz;ftp.sra.ebi.ac.uk/vol1/fastq/ERR133/005/ERR13337705/ERR13337705_2.fastq.gz	ftp.sra.ebi.ac.uk/vol1/run/ERR133/ERR13337705/RAL209_1.fastq.gz;ftp.sra.ebi.ac.uk/vol1/run/ERR133/ERR13337705/RAL209_2.fastq.gz	ftp.sra.ebi.ac.uk/vol1/err/ERR133/005/ERR13337705/ERR13337705.bam
ERR13337706	PRJEB72623	SAMEA115791466	ERX12708680	1616037	milk metagenome	ftp.sra.ebi.ac.uk/vol1/fastq/ERR133/006/ERR13337706/ERR13337706_1.fastq.gz;ftp.sra.ebi.ac.uk/vol1/fastq/ERR133/006/ERR13337706/ERR13337706_2.fastq.gz	ftp.sra.ebi.ac.uk/vol1/run/ERR133/ERR13337706/RAL210_1.fastq.gz;ftp.sra.ebi.ac.uk/vol1/run/ERR133/ERR13337706/RAL210_2.fastq.gz	ftp.sra.ebi.ac.uk/vol1/err/ERR133/006/ERR13337706/ERR13337706.bam
ERR13337708	PRJEB72623	SAMEA115791468	ERX12708682	1616037	milk metagenome	ftp.sra.ebi.ac.uk/vol1/fastq/ERR133/008/ERR13337708/ERR13337708_1.fastq.gz;ftp.sra.ebi.ac.uk/vol1/fastq/ERR133/008/ERR13337708/ERR13337708_2.fastq.gz	ftp.sra.ebi.ac.uk/vol1/run/ERR133/ERR13337708/RAL212_1.fastq.gz;ftp.sra.ebi.ac.uk/vol1/run/ERR133/ERR13337708/RAL212_2.fastq.gz	ftp.sra.ebi.ac.uk/vol1/err/ERR133/008/ERR13337708/ERR13337708.bam
ERR13337709	PRJEB72623	SAMEA115791523	ERX12708683	1616037	milk metagenome	ftp.sra.ebi.ac.uk/vol1/fastq/ERR133/009/ERR13337709/ERR13337709_1.fastq.gz;ftp.sra.ebi.ac.uk/vol1/fastq/ERR133/009/ERR13337709/ERR13337709_2.fastq.gz	ftp.sra.ebi.ac.uk/vol1/run/ERR133/ERR13337709/RAL214_1.fastq.gz;ftp.sra.ebi.ac.uk/vol1/run/ERR133/ERR13337709/RAL214_2.fastq.gz	ftp.sra.ebi.ac.uk/vol1/err/ERR133/009/ERR13337709/ERR13337709.bam
ERR13337712	PRJEB72623	SAMEA115791526	ERX12708686	1616037	milk metagenome	ftp.sra.ebi.ac.uk/vol1/fastq/ERR133/012/ERR13337712/ERR13337712_1.fastq.gz;ftp.sra.ebi.ac.uk/vol1/fastq/ERR133/012/ERR13337712/ERR13337712_2.fastq.gz	ftp.sra.ebi.ac.uk/vol1/run/ERR133/ERR13337712/RAL217_1.fastq.gz;ftp.sra.ebi.ac.uk/vol1/run/ERR133/ERR13337712/RAL217_2.fastq.gz	ftp.sra.ebi.ac.uk/vol1/err/ERR133/012/ERR13337712/ERR13337712.bam
ERR13337719	PRJEB72623	SAMEA115791485	ERX12708693	1616037	milk metagenome	ftp.sra.ebi.ac.uk/vol1/fastq/ERR133/019/ERR13337719/ERR13337719_1.fastq.gz;ftp.sra.ebi.ac.uk/vol1/fastq/ERR133/019/ERR13337719/ERR13337719_2.fastq.gz	ftp.sra.ebi.ac.uk/vol1/run/ERR133/ERR13337719/RAL257_1.fastq.gz;ftp.sra.ebi.ac.uk/vol1/run/ERR133/ERR13337719/RAL257_2.fastq.gz	ftp.sra.ebi.ac.uk/vol1/err/ERR133/019/ERR13337719/ERR13337719.bam
ERR13337721	PRJEB72623	SAMEA115791487	ERX12708695	1616037	milk metagenome	ftp.sra.ebi.ac.uk/vol1/fastq/ERR133/021/ERR13337721/ERR13337721_1.fastq.gz;ftp.sra.ebi.ac.uk/vol1/fastq/ERR133/021/ERR13337721/ERR13337721_2.fastq.gz	ftp.sra.ebi.ac.uk/vol1/run/ERR133/ERR13337721/RAL259_1.fastq.gz;ftp.sra.ebi.ac.uk/vol1/run/ERR133/ERR13337721/RAL259_2.fastq.gz	ftp.sra.ebi.ac.uk/vol1/err/ERR133/021/ERR13337721/ERR13337721.bam
ERR13337724	PRJEB72623	SAMEA115791444	ERX12708698	1616037	milk metagenome	ftp.sra.ebi.ac.uk/vol1/fastq/ERR133/024/ERR13337724/ERR13337724_1.fastq.gz;ftp.sra.ebi.ac.uk/vol1/fastq/ERR133/024/ERR13337724/ERR13337724_2.fastq.gz	ftp.sra.ebi.ac.uk/vol1/run/ERR133/ERR13337724/RAL26_1.fastq.gz;ftp.sra.ebi.ac.uk/vol1/run/ERR133/ERR13337724/RAL26_2.fastq.gz	ftp.sra.ebi.ac.uk/vol1/err/ERR133/024/ERR13337724/ERR13337724.bam
ERR13337729	PRJEB72623	SAMEA115791426	ERX12708703	1616037	milk metagenome	ftp.sra.ebi.ac.uk/vol1/fastq/ERR133/029/ERR13337729/ERR13337729_1.fastq.gz;ftp.sra.ebi.ac.uk/vol1/fastq/ERR133/029/ERR13337729/ERR13337729_2.fastq.gz	ftp.sra.ebi.ac.uk/vol1/run/ERR133/ERR13337729/RAL2_1.fastq.gz;ftp.sra.ebi.ac.uk/vol1/run/ERR133/ERR13337729/RAL2_2.fastq.gz	ftp.sra.ebi.ac.uk/vol1/err/ERR133/029/ERR13337729/ERR13337729.bam
ERR13337730	PRJEB72623	SAMEA115791481	ERX12708704	1616037	milk metagenome	ftp.sra.ebi.ac.uk/vol1/fastq/ERR133/030/ERR13337730/ERR13337730_1.fastq.gz;ftp.sra.ebi.ac.uk/vol1/fastq/ERR133/030/ERR13337730/ERR13337730_2.fastq.gz	ftp.sra.ebi.ac.uk/vol1/run/ERR133/ERR13337730/RAL302_1.fastq.gz;ftp.sra.ebi.ac.uk/vol1/run/ERR133/ERR13337730/RAL302_2.fastq.gz	ftp.sra.ebi.ac.uk/vol1/err/ERR133/030/ERR13337730/ERR13337730.bam
ERR13337735	PRJEB72623	SAMEA115791490	ERX12708709	1616037	milk metagenome	ftp.sra.ebi.ac.uk/vol1/fastq/ERR133/035/ERR13337735/ERR13337735_1.fastq.gz;ftp.sra.ebi.ac.uk/vol1/fastq/ERR133/035/ERR13337735/ERR13337735_2.fastq.gz	ftp.sra.ebi.ac.uk/vol1/run/ERR133/ERR13337735/RAL307_1.fastq.gz;ftp.sra.ebi.ac.uk/vol1/run/ERR133/ERR13337735/RAL307_2.fastq.gz	ftp.sra.ebi.ac.uk/vol1/err/ERR133/035/ERR13337735/ERR13337735.bam
ERR13337736	PRJEB72623	SAMEA115791491	ERX12708710	1616037	milk metagenome	ftp.sra.ebi.ac.uk/vol1/fastq/ERR133/036/ERR13337736/ERR13337736_1.fastq.gz;ftp.sra.ebi.ac.uk/vol1/fastq/ERR133/036/ERR13337736/ERR13337736_2.fastq.gz	ftp.sra.ebi.ac.uk/vol1/run/ERR133/ERR13337736/RAL308_1.fastq.gz;ftp.sra.ebi.ac.uk/vol1/run/ERR133/ERR13337736/RAL308_2.fastq.gz	ftp.sra.ebi.ac.uk/vol1/err/ERR133/036/ERR13337736/ERR13337736.bam
ERR13337737	PRJEB72623	SAMEA115791492	ERX12708711	1616037	milk metagenome	ftp.sra.ebi.ac.uk/vol1/fastq/ERR133/037/ERR13337737/ERR13337737_1.fastq.gz;ftp.sra.ebi.ac.uk/vol1/fastq/ERR133/037/ERR13337737/ERR13337737_2.fastq.gz	ftp.sra.ebi.ac.uk/vol1/run/ERR133/ERR13337737/RAL309_1.fastq.gz;ftp.sra.ebi.ac.uk/vol1/run/ERR133/ERR13337737/RAL309_2.fastq.gz	ftp.sra.ebi.ac.uk/vol1/err/ERR133/037/ERR13337737/ERR13337737.bam
ERR13337740	PRJEB72623	SAMEA115791471	ERX12708714	1616037	milk metagenome	ftp.sra.ebi.ac.uk/vol1/fastq/ERR133/040/ERR13337740/ERR13337740_1.fastq.gz;ftp.sra.ebi.ac.uk/vol1/fastq/ERR133/040/ERR13337740/ERR13337740_2.fastq.gz	ftp.sra.ebi.ac.uk/vol1/run/ERR133/ERR13337740/RAL316_1.fastq.gz;ftp.sra.ebi.ac.uk/vol1/run/ERR133/ERR13337740/RAL316_2.fastq.gz	ftp.sra.ebi.ac.uk/vol1/err/ERR133/040/ERR13337740/ERR13337740.bam
ERR13337741	PRJEB72623	SAMEA115791472	ERX12708715	1616037	milk metagenome	ftp.sra.ebi.ac.uk/vol1/fastq/ERR133/041/ERR13337741/ERR13337741_1.fastq.gz;ftp.sra.ebi.ac.uk/vol1/fastq/ERR133/041/ERR13337741/ERR13337741_2.fastq.gz	ftp.sra.ebi.ac.uk/vol1/run/ERR133/ERR13337741/RAL317_1.fastq.gz;ftp.sra.ebi.ac.uk/vol1/run/ERR133/ERR13337741/RAL317_2.fastq.gz	ftp.sra.ebi.ac.uk/vol1/err/ERR133/041/ERR13337741/ERR13337741.bam
ERR13337743	PRJEB72623	SAMEA115791494	ERX12708717	1616037	milk metagenome	ftp.sra.ebi.ac.uk/vol1/fastq/ERR133/043/ERR13337743/ERR13337743_1.fastq.gz;ftp.sra.ebi.ac.uk/vol1/fastq/ERR133/043/ERR13337743/ERR13337743_2.fastq.gz	ftp.sra.ebi.ac.uk/vol1/run/ERR133/ERR13337743/RAL320_1.fastq.gz;ftp.sra.ebi.ac.uk/vol1/run/ERR133/ERR13337743/RAL320_2.fastq.gz	ftp.sra.ebi.ac.uk/vol1/err/ERR133/043/ERR13337743/ERR13337743.bam
ERR13337746	PRJEB72623	SAMEA115791512	ERX12708720	1616037	milk metagenome	ftp.sra.ebi.ac.uk/vol1/fastq/ERR133/046/ERR13337746/ERR13337746_1.fastq.gz;ftp.sra.ebi.ac.uk/vol1/fastq/ERR133/046/ERR13337746/ERR13337746_2.fastq.gz	ftp.sra.ebi.ac.uk/vol1/run/ERR133/ERR13337746/RAL338_1.fastq.gz;ftp.sra.ebi.ac.uk/vol1/run/ERR133/ERR13337746/RAL338_2.fastq.gz	ftp.sra.ebi.ac.uk/vol1/err/ERR133/046/ERR13337746/ERR13337746.bam
ERR13337747	PRJEB72623	SAMEA115791513	ERX12708721	1616037	milk metagenome	ftp.sra.ebi.ac.uk/vol1/fastq/ERR133/047/ERR13337747/ERR13337747_1.fastq.gz;ftp.sra.ebi.ac.uk/vol1/fastq/ERR133/047/ERR13337747/ERR13337747_2.fastq.gz	ftp.sra.ebi.ac.uk/vol1/run/ERR133/ERR13337747/RAL339_1.fastq.gz;ftp.sra.ebi.ac.uk/vol1/run/ERR133/ERR13337747/RAL339_2.fastq.gz	ftp.sra.ebi.ac.uk/vol1/err/ERR133/047/ERR13337747/ERR13337747.bam
ERR13337749	PRJEB72623	SAMEA115791390	ERX12708723	1616037	milk metagenome	ftp.sra.ebi.ac.uk/vol1/fastq/ERR133/049/ERR13337749/ERR13337749_1.fastq.gz;ftp.sra.ebi.ac.uk/vol1/fastq/ERR133/049/ERR13337749/ERR13337749_2.fastq.gz	ftp.sra.ebi.ac.uk/vol1/run/ERR133/ERR13337749/RAL385_1.fastq.gz;ftp.sra.ebi.ac.uk/vol1/run/ERR133/ERR13337749/RAL385_2.fastq.gz	ftp.sra.ebi.ac.uk/vol1/err/ERR133/049/ERR13337749/ERR13337749.bam
ERR13337750	PRJEB72623	SAMEA115791391	ERX12708724	1616037	milk metagenome	ftp.sra.ebi.ac.uk/vol1/fastq/ERR133/050/ERR13337750/ERR13337750_1.fastq.gz;ftp.sra.ebi.ac.uk/vol1/fastq/ERR133/050/ERR13337750/ERR13337750_2.fastq.gz	ftp.sra.ebi.ac.uk/vol1/run/ERR133/ERR13337750/RAL386_1.fastq.gz;ftp.sra.ebi.ac.uk/vol1/run/ERR133/ERR13337750/RAL386_2.fastq.gz	ftp.sra.ebi.ac.uk/vol1/err/ERR133/050/ERR13337750/ERR13337750.bam
ERR13337756	PRJEB72623	SAMEA115791396	ERX12708730	1616037	milk metagenome	ftp.sra.ebi.ac.uk/vol1/fastq/ERR133/056/ERR13337756/ERR13337756_1.fastq.gz;ftp.sra.ebi.ac.uk/vol1/fastq/ERR133/056/ERR13337756/ERR13337756_2.fastq.gz	ftp.sra.ebi.ac.uk/vol1/run/ERR133/ERR13337756/RAL406_1.fastq.gz;ftp.sra.ebi.ac.uk/vol1/run/ERR133/ERR13337756/RAL406_2.fastq.gz	ftp.sra.ebi.ac.uk/vol1/err/ERR133/056/ERR13337756/ERR13337756.bam
ERR13337762	PRJEB72623	SAMEA115791386	ERX12708736	1616037	milk metagenome	ftp.sra.ebi.ac.uk/vol1/fastq/ERR133/062/ERR13337762/ERR13337762_1.fastq.gz;ftp.sra.ebi.ac.uk/vol1/fastq/ERR133/062/ERR13337762/ERR13337762_2.fastq.gz	ftp.sra.ebi.ac.uk/vol1/run/ERR133/ERR13337762/RAL426_1.fastq.gz;ftp.sra.ebi.ac.uk/vol1/run/ERR133/ERR13337762/RAL426_2.fastq.gz	ftp.sra.ebi.ac.uk/vol1/err/ERR133/062/ERR13337762/ERR13337762.bam
ERR13337763	PRJEB72623	SAMEA115791387	ERX12708737	1616037	milk metagenome	ftp.sra.ebi.ac.uk/vol1/fastq/ERR133/063/ERR13337763/ERR13337763_1.fastq.gz;ftp.sra.ebi.ac.uk/vol1/fastq/ERR133/063/ERR13337763/ERR13337763_2.fastq.gz	ftp.sra.ebi.ac.uk/vol1/run/ERR133/ERR13337763/RAL427_1.fastq.gz;ftp.sra.ebi.ac.uk/vol1/run/ERR133/ERR13337763/RAL427_2.fastq.gz	ftp.sra.ebi.ac.uk/vol1/err/ERR133/063/ERR13337763/ERR13337763.bam
ERR13337764	PRJEB72623	SAMEA115791388	ERX12708738	1616037	milk metagenome	ftp.sra.ebi.ac.uk/vol1/fastq/ERR133/064/ERR13337764/ERR13337764_1.fastq.gz;ftp.sra.ebi.ac.uk/vol1/fastq/ERR133/064/ERR13337764/ERR13337764_2.fastq.gz	ftp.sra.ebi.ac.uk/vol1/run/ERR133/ERR13337764/RAL428_1.fastq.gz;ftp.sra.ebi.ac.uk/vol1/run/ERR133/ERR13337764/RAL428_2.fastq.gz	ftp.sra.ebi.ac.uk/vol1/err/ERR133/064/ERR13337764/ERR13337764.bam
ERR13337768	PRJEB72623	SAMEA115791400	ERX12708742	1616037	milk metagenome	ftp.sra.ebi.ac.uk/vol1/fastq/ERR133/068/ERR13337768/ERR13337768_1.fastq.gz;ftp.sra.ebi.ac.uk/vol1/fastq/ERR133/068/ERR13337768/ERR13337768_2.fastq.gz	ftp.sra.ebi.ac.uk/vol1/run/ERR133/ERR13337768/RAL440_1.fastq.gz;ftp.sra.ebi.ac.uk/vol1/run/ERR133/ERR13337768/RAL440_2.fastq.gz	ftp.sra.ebi.ac.uk/vol1/err/ERR133/068/ERR13337768/ERR13337768.bam
ERR13337775	PRJEB72623	SAMEA115791403	ERX12708749	1616037	milk metagenome	ftp.sra.ebi.ac.uk/vol1/fastq/ERR133/075/ERR13337775/ERR13337775_1.fastq.gz;ftp.sra.ebi.ac.uk/vol1/fastq/ERR133/075/ERR13337775/ERR13337775_2.fastq.gz	ftp.sra.ebi.ac.uk/vol1/run/ERR133/ERR13337775/RAL462_1.fastq.gz;ftp.sra.ebi.ac.uk/vol1/run/ERR133/ERR13337775/RAL462_2.fastq.gz	ftp.sra.ebi.ac.uk/vol1/err/ERR133/075/ERR13337775/ERR13337775.bam
ERR13337779	PRJEB72623	SAMEA115791419	ERX12708753	1616037	milk metagenome	ftp.sra.ebi.ac.uk/vol1/fastq/ERR133/079/ERR13337779/ERR13337779_1.fastq.gz;ftp.sra.ebi.ac.uk/vol1/fastq/ERR133/079/ERR13337779/ERR13337779_2.fastq.gz	ftp.sra.ebi.ac.uk/vol1/run/ERR133/ERR13337779/RAL466_1.fastq.gz;ftp.sra.ebi.ac.uk/vol1/run/ERR133/ERR13337779/RAL466_2.fastq.gz	ftp.sra.ebi.ac.uk/vol1/err/ERR133/079/ERR13337779/ERR13337779.bam
ERR13337781	PRJEB72623	SAMEA115791405	ERX12708755	1616037	milk metagenome	ftp.sra.ebi.ac.uk/vol1/fastq/ERR133/081/ERR13337781/ERR13337781_1.fastq.gz;ftp.sra.ebi.ac.uk/vol1/fastq/ERR133/081/ERR13337781/ERR13337781_2.fastq.gz	ftp.sra.ebi.ac.uk/vol1/run/ERR133/ERR13337781/RAL468_1.fastq.gz;ftp.sra.ebi.ac.uk/vol1/run/ERR133/ERR13337781/RAL468_2.fastq.gz	ftp.sra.ebi.ac.uk/vol1/err/ERR133/081/ERR13337781/ERR13337781.bam
ERR13337782	PRJEB72623	SAMEA115791406	ERX12708756	1616037	milk metagenome	ftp.sra.ebi.ac.uk/vol1/fastq/ERR133/082/ERR13337782/ERR13337782_1.fastq.gz;ftp.sra.ebi.ac.uk/vol1/fastq/ERR133/082/ERR13337782/ERR13337782_2.fastq.gz	ftp.sra.ebi.ac.uk/vol1/run/ERR133/ERR13337782/RAL469_1.fastq.gz;ftp.sra.ebi.ac.uk/vol1/run/ERR133/ERR13337782/RAL469_2.fastq.gz	ftp.sra.ebi.ac.uk/vol1/err/ERR133/082/ERR13337782/ERR13337782.bam
ERR13337785	PRJEB72623	SAMEA115791429	ERX12708759	1616037	milk metagenome	ftp.sra.ebi.ac.uk/vol1/fastq/ERR133/085/ERR13337785/ERR13337785_1.fastq.gz;ftp.sra.ebi.ac.uk/vol1/fastq/ERR133/085/ERR13337785/ERR13337785_2.fastq.gz	ftp.sra.ebi.ac.uk/vol1/run/ERR133/ERR13337785/RAL472_1.fastq.gz;ftp.sra.ebi.ac.uk/vol1/run/ERR133/ERR13337785/RAL472_2.fastq.gz	ftp.sra.ebi.ac.uk/vol1/err/ERR133/085/ERR13337785/ERR13337785.bam
ERR13337786	PRJEB72623	SAMEA115791430	ERX12708760	1616037	milk metagenome	ftp.sra.ebi.ac.uk/vol1/fastq/ERR133/086/ERR13337786/ERR13337786_1.fastq.gz;ftp.sra.ebi.ac.uk/vol1/fastq/ERR133/086/ERR13337786/ERR13337786_2.fastq.gz	ftp.sra.ebi.ac.uk/vol1/run/ERR133/ERR13337786/RAL473_1.fastq.gz;ftp.sra.ebi.ac.uk/vol1/run/ERR133/ERR13337786/RAL473_2.fastq.gz	ftp.sra.ebi.ac.uk/vol1/err/ERR133/086/ERR13337786/ERR13337786.bam
ERR13337794	PRJEB72623	SAMEA115791346	ERX12708768	1616037	milk metagenome	ftp.sra.ebi.ac.uk/vol1/fastq/ERR133/094/ERR13337794/ERR13337794_1.fastq.gz;ftp.sra.ebi.ac.uk/vol1/fastq/ERR133/094/ERR13337794/ERR13337794_2.fastq.gz	ftp.sra.ebi.ac.uk/vol1/run/ERR133/ERR13337794/RAL506_1.fastq.gz;ftp.sra.ebi.ac.uk/vol1/run/ERR133/ERR13337794/RAL506_2.fastq.gz	ftp.sra.ebi.ac.uk/vol1/err/ERR133/094/ERR13337794/ERR13337794.bam
ERR13337802	PRJEB72623	SAMEA115791366	ERX12708776	1616037	milk metagenome	ftp.sra.ebi.ac.uk/vol1/fastq/ERR133/002/ERR13337802/ERR13337802_1.fastq.gz;ftp.sra.ebi.ac.uk/vol1/fastq/ERR133/002/ERR13337802/ERR13337802_2.fastq.gz	ftp.sra.ebi.ac.uk/vol1/run/ERR133/ERR13337802/RAL514_1.fastq.gz;ftp.sra.ebi.ac.uk/vol1/run/ERR133/ERR13337802/RAL514_2.fastq.gz	ftp.sra.ebi.ac.uk/vol1/err/ERR133/002/ERR13337802/ERR13337802.bam
ERR13337804	PRJEB72623	SAMEA115791368	ERX12708778	1616037	milk metagenome	ftp.sra.ebi.ac.uk/vol1/fastq/ERR133/004/ERR13337804/ERR13337804_1.fastq.gz;ftp.sra.ebi.ac.uk/vol1/fastq/ERR133/004/ERR13337804/ERR13337804_2.fastq.gz	ftp.sra.ebi.ac.uk/vol1/run/ERR133/ERR13337804/RAL516_1.fastq.gz;ftp.sra.ebi.ac.uk/vol1/run/ERR133/ERR13337804/RAL516_2.fastq.gz	ftp.sra.ebi.ac.uk/vol1/err/ERR133/004/ERR13337804/ERR13337804.bam
ERR13337805	PRJEB72623	SAMEA115791369	ERX12708779	1616037	milk metagenome	ftp.sra.ebi.ac.uk/vol1/fastq/ERR133/005/ERR13337805/ERR13337805_1.fastq.gz;ftp.sra.ebi.ac.uk/vol1/fastq/ERR133/005/ERR13337805/ERR13337805_2.fastq.gz	ftp.sra.ebi.ac.uk/vol1/run/ERR133/ERR13337805/RAL517_1.fastq.gz;ftp.sra.ebi.ac.uk/vol1/run/ERR133/ERR13337805/RAL517_2.fastq.gz	ftp.sra.ebi.ac.uk/vol1/err/ERR133/005/ERR13337805/ERR13337805.bam
ERR13337808	PRJEB72623	SAMEA115791445	ERX12708782	1616037	milk metagenome	ftp.sra.ebi.ac.uk/vol1/fastq/ERR133/008/ERR13337808/ERR13337808_1.fastq.gz;ftp.sra.ebi.ac.uk/vol1/fastq/ERR133/008/ERR13337808/ERR13337808_2.fastq.gz	ftp.sra.ebi.ac.uk/vol1/run/ERR133/ERR13337808/RAL51_1.fastq.gz;ftp.sra.ebi.ac.uk/vol1/run/ERR133/ERR13337808/RAL51_2.fastq.gz	ftp.sra.ebi.ac.uk/vol1/err/ERR133/008/ERR13337808/ERR13337808.bam
ERR13337813	PRJEB72623	SAMEA115791352	ERX12708787	1616037	milk metagenome	ftp.sra.ebi.ac.uk/vol1/fastq/ERR133/013/ERR13337813/ERR13337813_1.fastq.gz;ftp.sra.ebi.ac.uk/vol1/fastq/ERR133/013/ERR13337813/ERR13337813_2.fastq.gz	ftp.sra.ebi.ac.uk/vol1/run/ERR133/ERR13337813/RAL524_1.fastq.gz;ftp.sra.ebi.ac.uk/vol1/run/ERR133/ERR13337813/RAL524_2.fastq.gz	ftp.sra.ebi.ac.uk/vol1/err/ERR133/013/ERR13337813/ERR13337813.bam
ERR13337814	PRJEB72623	SAMEA115791353	ERX12708788	1616037	milk metagenome	ftp.sra.ebi.ac.uk/vol1/fastq/ERR133/014/ERR13337814/ERR13337814_1.fastq.gz;ftp.sra.ebi.ac.uk/vol1/fastq/ERR133/014/ERR13337814/ERR13337814_2.fastq.gz	ftp.sra.ebi.ac.uk/vol1/run/ERR133/ERR13337814/RAL525_1.fastq.gz;ftp.sra.ebi.ac.uk/vol1/run/ERR133/ERR13337814/RAL525_2.fastq.gz	ftp.sra.ebi.ac.uk/vol1/err/ERR133/014/ERR13337814/ERR13337814.bam
ERR13337817	PRJEB72623	SAMEA115791380	ERX12708791	1616037	milk metagenome	ftp.sra.ebi.ac.uk/vol1/fastq/ERR133/017/ERR13337817/ERR13337817_1.fastq.gz;ftp.sra.ebi.ac.uk/vol1/fastq/ERR133/017/ERR13337817/ERR13337817_2.fastq.gz	ftp.sra.ebi.ac.uk/vol1/run/ERR133/ERR13337817/RAL528_1.fastq.gz;ftp.sra.ebi.ac.uk/vol1/run/ERR133/ERR13337817/RAL528_2.fastq.gz	ftp.sra.ebi.ac.uk/vol1/err/ERR133/017/ERR13337817/ERR13337817.bam
ERR13337820	PRJEB72623	SAMEA115791354	ERX12708794	1616037	milk metagenome	ftp.sra.ebi.ac.uk/vol1/fastq/ERR133/020/ERR13337820/ERR13337820_1.fastq.gz;ftp.sra.ebi.ac.uk/vol1/fastq/ERR133/020/ERR13337820/ERR13337820_2.fastq.gz	ftp.sra.ebi.ac.uk/vol1/run/ERR133/ERR13337820/RAL534_1.fastq.gz;ftp.sra.ebi.ac.uk/vol1/run/ERR133/ERR13337820/RAL534_2.fastq.gz	ftp.sra.ebi.ac.uk/vol1/err/ERR133/020/ERR13337820/ERR13337820.bam
ERR13337825	PRJEB72623	SAMEA115791448	ERX12708799	1616037	milk metagenome	ftp.sra.ebi.ac.uk/vol1/fastq/ERR133/025/ERR13337825/ERR13337825_1.fastq.gz;ftp.sra.ebi.ac.uk/vol1/fastq/ERR133/025/ERR13337825/ERR13337825_2.fastq.gz	ftp.sra.ebi.ac.uk/vol1/run/ERR133/ERR13337825/RAL54_1.fastq.gz;ftp.sra.ebi.ac.uk/vol1/run/ERR133/ERR13337825/RAL54_2.fastq.gz	ftp.sra.ebi.ac.uk/vol1/err/ERR133/025/ERR13337825/ERR13337825.bam
ERR13337827	PRJEB72623	SAMEA115791375	ERX12708801	1616037	milk metagenome	ftp.sra.ebi.ac.uk/vol1/fastq/ERR133/027/ERR13337827/ERR13337827_1.fastq.gz;ftp.sra.ebi.ac.uk/vol1/fastq/ERR133/027/ERR13337827/ERR13337827_2.fastq.gz	ftp.sra.ebi.ac.uk/vol1/run/ERR133/ERR13337827/RAL599_1.fastq.gz;ftp.sra.ebi.ac.uk/vol1/run/ERR133/ERR13337827/RAL599_2.fastq.gz	ftp.sra.ebi.ac.uk/vol1/err/ERR133/027/ERR13337827/ERR13337827.bam
ERR13337832	PRJEB72623	SAMEA115791364	ERX12708806	1616037	milk metagenome	ftp.sra.ebi.ac.uk/vol1/fastq/ERR133/032/ERR13337832/ERR13337832_1.fastq.gz;ftp.sra.ebi.ac.uk/vol1/fastq/ERR133/032/ERR13337832/ERR13337832_2.fastq.gz	ftp.sra.ebi.ac.uk/vol1/run/ERR133/ERR13337832/RAL618_1.fastq.gz;ftp.sra.ebi.ac.uk/vol1/run/ERR133/ERR13337832/RAL618_2.fastq.gz	ftp.sra.ebi.ac.uk/vol1/err/ERR133/032/ERR13337832/ERR13337832.bam
ERR13337833	PRJEB72623	SAMEA115791365	ERX12708807	1616037	milk metagenome	ftp.sra.ebi.ac.uk/vol1/fastq/ERR133/033/ERR13337833/ERR13337833_1.fastq.gz;ftp.sra.ebi.ac.uk/vol1/fastq/ERR133/033/ERR13337833/ERR13337833_2.fastq.gz	ftp.sra.ebi.ac.uk/vol1/run/ERR133/ERR13337833/RAL619_1.fastq.gz;ftp.sra.ebi.ac.uk/vol1/run/ERR133/ERR13337833/RAL619_2.fastq.gz	ftp.sra.ebi.ac.uk/vol1/err/ERR133/033/ERR13337833/ERR13337833.bam
ERR13337835	PRJEB72623	SAMEA115791383	ERX12708809	1616037	milk metagenome	ftp.sra.ebi.ac.uk/vol1/fastq/ERR133/035/ERR13337835/ERR13337835_1.fastq.gz;ftp.sra.ebi.ac.uk/vol1/fastq/ERR133/035/ERR13337835/ERR13337835_2.fastq.gz	ftp.sra.ebi.ac.uk/vol1/run/ERR133/ERR13337835/RAL621_1.fastq.gz;ftp.sra.ebi.ac.uk/vol1/run/ERR133/ERR13337835/RAL621_2.fastq.gz	ftp.sra.ebi.ac.uk/vol1/err/ERR133/035/ERR13337835/ERR13337835.bam
ERR13337836	PRJEB72623	SAMEA115791384	ERX12708810	1616037	milk metagenome	ftp.sra.ebi.ac.uk/vol1/fastq/ERR133/036/ERR13337836/ERR13337836_1.fastq.gz;ftp.sra.ebi.ac.uk/vol1/fastq/ERR133/036/ERR13337836/ERR13337836_2.fastq.gz	ftp.sra.ebi.ac.uk/vol1/run/ERR133/ERR13337836/RAL622_1.fastq.gz;ftp.sra.ebi.ac.uk/vol1/run/ERR133/ERR13337836/RAL622_2.fastq.gz	ftp.sra.ebi.ac.uk/vol1/err/ERR133/036/ERR13337836/ERR13337836.bam
ERR13337837	PRJEB72623	SAMEA115791385	ERX12708811	1616037	milk metagenome	ftp.sra.ebi.ac.uk/vol1/fastq/ERR133/037/ERR13337837/ERR13337837_1.fastq.gz;ftp.sra.ebi.ac.uk/vol1/fastq/ERR133/037/ERR13337837/ERR13337837_2.fastq.gz	ftp.sra.ebi.ac.uk/vol1/run/ERR133/ERR13337837/RAL623_1.fastq.gz;ftp.sra.ebi.ac.uk/vol1/run/ERR133/ERR13337837/RAL623_2.fastq.gz	ftp.sra.ebi.ac.uk/vol1/err/ERR133/037/ERR13337837/ERR13337837.bam
ERR13337840	PRJEB72623	SAMEA115791372	ERX12708814	1616037	milk metagenome	ftp.sra.ebi.ac.uk/vol1/fastq/ERR133/040/ERR13337840/ERR13337840_1.fastq.gz;ftp.sra.ebi.ac.uk/vol1/fastq/ERR133/040/ERR13337840/ERR13337840_2.fastq.gz	ftp.sra.ebi.ac.uk/vol1/run/ERR133/ERR13337840/RAL639_1.fastq.gz;ftp.sra.ebi.ac.uk/vol1/run/ERR133/ERR13337840/RAL639_2.fastq.gz	ftp.sra.ebi.ac.uk/vol1/err/ERR133/040/ERR13337840/ERR13337840.bam
ERR13337842	PRJEB72623	SAMEA115791338	ERX12708816	1616037	milk metagenome	ftp.sra.ebi.ac.uk/vol1/fastq/ERR133/042/ERR13337842/ERR13337842_1.fastq.gz;ftp.sra.ebi.ac.uk/vol1/fastq/ERR133/042/ERR13337842/ERR13337842_2.fastq.gz	ftp.sra.ebi.ac.uk/vol1/run/ERR133/ERR13337842/RAL646_1.fastq.gz;ftp.sra.ebi.ac.uk/vol1/run/ERR133/ERR13337842/RAL646_2.fastq.gz	ftp.sra.ebi.ac.uk/vol1/err/ERR133/042/ERR13337842/ERR13337842.bam
ERR13337845	PRJEB72623	SAMEA115791341	ERX12708819	1616037	milk metagenome	ftp.sra.ebi.ac.uk/vol1/fastq/ERR133/045/ERR13337845/ERR13337845_1.fastq.gz;ftp.sra.ebi.ac.uk/vol1/fastq/ERR133/045/ERR13337845/ERR13337845_2.fastq.gz	ftp.sra.ebi.ac.uk/vol1/run/ERR133/ERR13337845/RAL649_1.fastq.gz;ftp.sra.ebi.ac.uk/vol1/run/ERR133/ERR13337845/RAL649_2.fastq.gz	ftp.sra.ebi.ac.uk/vol1/err/ERR133/045/ERR13337845/ERR13337845.bam
ERR13337846	PRJEB72623	SAMEA115791547	ERX12708820	1616037	milk metagenome	ftp.sra.ebi.ac.uk/vol1/fastq/ERR133/046/ERR13337846/ERR13337846_1.fastq.gz;ftp.sra.ebi.ac.uk/vol1/fastq/ERR133/046/ERR13337846/ERR13337846_2.fastq.gz	ftp.sra.ebi.ac.uk/vol1/run/ERR133/ERR13337846/RAL661_1.fastq.gz;ftp.sra.ebi.ac.uk/vol1/run/ERR133/ERR13337846/RAL661_2.fastq.gz	ftp.sra.ebi.ac.uk/vol1/err/ERR133/046/ERR13337846/ERR13337846.bam
ERR13337850	PRJEB72623	SAMEA115791535	ERX12708824	1616037	milk metagenome	ftp.sra.ebi.ac.uk/vol1/fastq/ERR133/050/ERR13337850/ERR13337850_1.fastq.gz;ftp.sra.ebi.ac.uk/vol1/fastq/ERR133/050/ERR13337850/ERR13337850_2.fastq.gz	ftp.sra.ebi.ac.uk/vol1/run/ERR133/ERR13337850/RAL674_1.fastq.gz;ftp.sra.ebi.ac.uk/vol1/run/ERR133/ERR13337850/RAL674_2.fastq.gz	ftp.sra.ebi.ac.uk/vol1/err/ERR133/050/ERR13337850/ERR13337850.bam
ERR13337852	PRJEB72623	SAMEA115791537	ERX12708826	1616037	milk metagenome	ftp.sra.ebi.ac.uk/vol1/fastq/ERR133/052/ERR13337852/ERR13337852_1.fastq.gz;ftp.sra.ebi.ac.uk/vol1/fastq/ERR133/052/ERR13337852/ERR13337852_2.fastq.gz	ftp.sra.ebi.ac.uk/vol1/run/ERR133/ERR13337852/RAL676_1.fastq.gz;ftp.sra.ebi.ac.uk/vol1/run/ERR133/ERR13337852/RAL676_2.fastq.gz	ftp.sra.ebi.ac.uk/vol1/err/ERR133/052/ERR13337852/ERR13337852.bam
ERR13337854	PRJEB72623	SAMEA115791551	ERX12708828	1616037	milk metagenome	ftp.sra.ebi.ac.uk/vol1/fastq/ERR133/054/ERR13337854/ERR13337854_1.fastq.gz;ftp.sra.ebi.ac.uk/vol1/fastq/ERR133/054/ERR13337854/ERR13337854_2.fastq.gz	ftp.sra.ebi.ac.uk/vol1/run/ERR133/ERR13337854/RAL678_1.fastq.gz;ftp.sra.ebi.ac.uk/vol1/run/ERR133/ERR13337854/RAL678_2.fastq.gz	ftp.sra.ebi.ac.uk/vol1/err/ERR133/054/ERR13337854/ERR13337854.bam
ERR13337855	PRJEB72623	SAMEA115791552	ERX12708829	1616037	milk metagenome	ftp.sra.ebi.ac.uk/vol1/fastq/ERR133/055/ERR13337855/ERR13337855_1.fastq.gz;ftp.sra.ebi.ac.uk/vol1/fastq/ERR133/055/ERR13337855/ERR13337855_2.fastq.gz	ftp.sra.ebi.ac.uk/vol1/run/ERR133/ERR13337855/RAL680_1.fastq.gz;ftp.sra.ebi.ac.uk/vol1/run/ERR133/ERR13337855/RAL680_2.fastq.gz	ftp.sra.ebi.ac.uk/vol1/err/ERR133/055/ERR13337855/ERR13337855.bam
ERR13337858	PRJEB72623	SAMEA115791555	ERX12708832	1616037	milk metagenome	ftp.sra.ebi.ac.uk/vol1/fastq/ERR133/058/ERR13337858/ERR13337858_1.fastq.gz;ftp.sra.ebi.ac.uk/vol1/fastq/ERR133/058/ERR13337858/ERR13337858_2.fastq.gz	ftp.sra.ebi.ac.uk/vol1/run/ERR133/ERR13337858/RAL693_1.fastq.gz;ftp.sra.ebi.ac.uk/vol1/run/ERR133/ERR13337858/RAL693_2.fastq.gz	ftp.sra.ebi.ac.uk/vol1/err/ERR133/058/ERR13337858/ERR13337858.bam
ERR13337860	PRJEB72623	SAMEA115791527	ERX12708834	1616037	milk metagenome	ftp.sra.ebi.ac.uk/vol1/fastq/ERR133/060/ERR13337860/ERR13337860_1.fastq.gz;ftp.sra.ebi.ac.uk/vol1/fastq/ERR133/060/ERR13337860/ERR13337860_2.fastq.gz	ftp.sra.ebi.ac.uk/vol1/run/ERR133/ERR13337860/RAL737_1.fastq.gz;ftp.sra.ebi.ac.uk/vol1/run/ERR133/ERR13337860/RAL737_2.fastq.gz	ftp.sra.ebi.ac.uk/vol1/err/ERR133/060/ERR13337860/ERR13337860.bam
ERR13337861	PRJEB72623	SAMEA115791528	ERX12708835	1616037	milk metagenome	ftp.sra.ebi.ac.uk/vol1/fastq/ERR133/061/ERR13337861/ERR13337861_1.fastq.gz;ftp.sra.ebi.ac.uk/vol1/fastq/ERR133/061/ERR13337861/ERR13337861_2.fastq.gz	ftp.sra.ebi.ac.uk/vol1/run/ERR133/ERR13337861/RAL738_1.fastq.gz;ftp.sra.ebi.ac.uk/vol1/run/ERR133/ERR13337861/RAL738_2.fastq.gz	ftp.sra.ebi.ac.uk/vol1/err/ERR133/061/ERR13337861/ERR13337861.bam
ERR13337862	PRJEB72623	SAMEA115791529	ERX12708836	1616037	milk metagenome	ftp.sra.ebi.ac.uk/vol1/fastq/ERR133/062/ERR13337862/ERR13337862_1.fastq.gz;ftp.sra.ebi.ac.uk/vol1/fastq/ERR133/062/ERR13337862/ERR13337862_2.fastq.gz	ftp.sra.ebi.ac.uk/vol1/run/ERR133/ERR13337862/RAL739_1.fastq.gz;ftp.sra.ebi.ac.uk/vol1/run/ERR133/ERR13337862/RAL739_2.fastq.gz	ftp.sra.ebi.ac.uk/vol1/err/ERR133/062/ERR13337862/ERR13337862.bam
ERR13337863	PRJEB72623	SAMEA115791530	ERX12708837	1616037	milk metagenome	ftp.sra.ebi.ac.uk/vol1/fastq/ERR133/063/ERR13337863/ERR13337863_1.fastq.gz;ftp.sra.ebi.ac.uk/vol1/fastq/ERR133/063/ERR13337863/ERR13337863_2.fastq.gz	ftp.sra.ebi.ac.uk/vol1/run/ERR133/ERR13337863/RAL740_1.fastq.gz;ftp.sra.ebi.ac.uk/vol1/run/ERR133/ERR13337863/RAL740_2.fastq.gz	ftp.sra.ebi.ac.uk/vol1/err/ERR133/063/ERR13337863/ERR13337863.bam
ERR13337865	PRJEB72623	SAMEA115791540	ERX12708839	1616037	milk metagenome	ftp.sra.ebi.ac.uk/vol1/fastq/ERR133/065/ERR13337865/ERR13337865_1.fastq.gz;ftp.sra.ebi.ac.uk/vol1/fastq/ERR133/065/ERR13337865/ERR13337865_2.fastq.gz	ftp.sra.ebi.ac.uk/vol1/run/ERR133/ERR13337865/RAL764_1.fastq.gz;ftp.sra.ebi.ac.uk/vol1/run/ERR133/ERR13337865/RAL764_2.fastq.gz	ftp.sra.ebi.ac.uk/vol1/err/ERR133/065/ERR13337865/ERR13337865.bam
ERR13337876	PRJEB72623	SAMEA115791433	ERX12708850	1616037	milk metagenome	ftp.sra.ebi.ac.uk/vol1/fastq/ERR133/076/ERR13337876/ERR13337876_1.fastq.gz;ftp.sra.ebi.ac.uk/vol1/fastq/ERR133/076/ERR13337876/ERR13337876_2.fastq.gz	ftp.sra.ebi.ac.uk/vol1/run/ERR133/ERR13337876/RAL87_1.fastq.gz;ftp.sra.ebi.ac.uk/vol1/run/ERR133/ERR13337876/RAL87_2.fastq.gz	ftp.sra.ebi.ac.uk/vol1/err/ERR133/076/ERR13337876/ERR13337876.bam
ERR13337882	PRJEB72623	SAMEA115791451	ERX12708856	1616037	milk metagenome	ftp.sra.ebi.ac.uk/vol1/fastq/ERR133/082/ERR13337882/ERR13337882_1.fastq.gz;ftp.sra.ebi.ac.uk/vol1/fastq/ERR133/082/ERR13337882/ERR13337882_2.fastq.gz	ftp.sra.ebi.ac.uk/vol1/run/ERR133/ERR13337882/RAL93_1.fastq.gz;ftp.sra.ebi.ac.uk/vol1/run/ERR133/ERR13337882/RAL93_2.fastq.gz	ftp.sra.ebi.ac.uk/vol1/err/ERR133/082/ERR13337882/ERR13337882.bam
